ano	mes	grupo	regiao	variacao
2024	12	Alimentação e bebidas	Aracaju (SE)	1.02
2024	12	Habitação	Aracaju (SE)	-0.63
2024	12	Artigos de residência	Aracaju (SE)	1.02
2024	12	Vestuário	Aracaju (SE)	0.61
2024	12	Transportes	Aracaju (SE)	1.99
2024	12	Saúde e cuidados pessoais	Aracaju (SE)	0.24
2024	12	Despesas pessoais	Aracaju (SE)	0.59
2024	12	Educação	Aracaju (SE)	0.25
2024	12	Comunicação	Aracaju (SE)	-0.42
2024	12	Índice geral	Aracaju (SE)	0.67
2024	12	Alimentação e bebidas	Belo Horizonte (MG)	0.81
2024	12	Habitação	Belo Horizonte (MG)	-0.66
2024	12	Artigos de residência	Belo Horizonte (MG)	0.21
2024	12	Vestuário	Belo Horizonte (MG)	0.93
2024	12	Transportes	Belo Horizonte (MG)	-0.23
2024	12	Saúde e cuidados pessoais	Belo Horizonte (MG)	0.43
2024	12	Despesas pessoais	Belo Horizonte (MG)	0.6
2024	12	Educação	Belo Horizonte (MG)	0.05
2024	12	Comunicação	Belo Horizonte (MG)	0.44
2024	12	Índice geral	Belo Horizonte (MG)	0.25
2024	12	Alimentação e bebidas	Belém (PA)	1.77
2024	12	Habitação	Belém (PA)	-0.58
2024	12	Artigos de residência	Belém (PA)	0.52
2024	12	Vestuário	Belém (PA)	1.18
2024	12	Transportes	Belém (PA)	0.49
2024	12	Saúde e cuidados pessoais	Belém (PA)	-0.11
2024	12	Despesas pessoais	Belém (PA)	0.73
2024	12	Educação	Belém (PA)	0.0
2024	12	Comunicação	Belém (PA)	0.42
2024	12	Índice geral	Belém (PA)	0.63
2024	12	Alimentação e bebidas	Brasil	1.18
2024	12	Habitação	Brasil	-0.56
2024	12	Artigos de residência	Brasil	0.65
2024	12	Vestuário	Brasil	1.14
2024	12	Transportes	Brasil	0.67
2024	12	Saúde e cuidados pessoais	Brasil	0.38
2024	12	Despesas pessoais	Brasil	0.62
2024	12	Educação	Brasil	0.11
2024	12	Comunicação	Brasil	0.37
2024	12	Índice geral	Brasil	0.52
2024	12	Alimentação e bebidas	Brasília (DF)	1.18
2024	12	Habitação	Brasília (DF)	-0.95
2024	12	Artigos de residência	Brasília (DF)	-0.25
2024	12	Vestuário	Brasília (DF)	1.2
2024	12	Transportes	Brasília (DF)	0.11
2024	12	Saúde e cuidados pessoais	Brasília (DF)	0.48
2024	12	Despesas pessoais	Brasília (DF)	0.12
2024	12	Educação	Brasília (DF)	0.03
2024	12	Comunicação	Brasília (DF)	0.6
2024	12	Índice geral	Brasília (DF)	0.26
2024	12	Alimentação e bebidas	Campo Grande (MS)	1.36
2024	12	Habitação	Campo Grande (MS)	-0.52
2024	12	Artigos de residência	Campo Grande (MS)	0.86
2024	12	Vestuário	Campo Grande (MS)	1.13
2024	12	Transportes	Campo Grande (MS)	0.38
2024	12	Saúde e cuidados pessoais	Campo Grande (MS)	-0.18
2024	12	Despesas pessoais	Campo Grande (MS)	0.45
2024	12	Educação	Campo Grande (MS)	0.06
2024	12	Comunicação	Campo Grande (MS)	0.19
2024	12	Índice geral	Campo Grande (MS)	0.43
2024	12	Alimentação e bebidas	Curitiba (PR)	0.56
2024	12	Habitação	Curitiba (PR)	0.06
2024	12	Artigos de residência	Curitiba (PR)	0.76
2024	12	Vestuário	Curitiba (PR)	1.02
2024	12	Transportes	Curitiba (PR)	0.15
2024	12	Saúde e cuidados pessoais	Curitiba (PR)	1.05
2024	12	Despesas pessoais	Curitiba (PR)	0.78
2024	12	Educação	Curitiba (PR)	0.06
2024	12	Comunicação	Curitiba (PR)	0.55
2024	12	Índice geral	Curitiba (PR)	0.46
2024	12	Alimentação e bebidas	Fortaleza (CE)	1.17
2024	12	Habitação	Fortaleza (CE)	-0.4
2024	12	Artigos de residência	Fortaleza (CE)	0.96
2024	12	Vestuário	Fortaleza (CE)	0.79
2024	12	Transportes	Fortaleza (CE)	1.78
2024	12	Saúde e cuidados pessoais	Fortaleza (CE)	-0.31
2024	12	Despesas pessoais	Fortaleza (CE)	0.35
2024	12	Educação	Fortaleza (CE)	0.23
2024	12	Comunicação	Fortaleza (CE)	0.61
2024	12	Índice geral	Fortaleza (CE)	0.65
2024	12	Alimentação e bebidas	Goiânia (GO)	1.31
2024	12	Habitação	Goiânia (GO)	-1.37
2024	12	Artigos de residência	Goiânia (GO)	0.57
2024	12	Vestuário	Goiânia (GO)	0.92
2024	12	Transportes	Goiânia (GO)	2.27
2024	12	Saúde e cuidados pessoais	Goiânia (GO)	0.25
2024	12	Despesas pessoais	Goiânia (GO)	0.57
2024	12	Educação	Goiânia (GO)	0.07
2024	12	Comunicação	Goiânia (GO)	0.09
2024	12	Índice geral	Goiânia (GO)	0.8
2024	12	Alimentação e bebidas	Grande Vitória (ES)	1.63
2024	12	Habitação	Grande Vitória (ES)	-0.32
2024	12	Artigos de residência	Grande Vitória (ES)	0.97
2024	12	Vestuário	Grande Vitória (ES)	1.13
2024	12	Transportes	Grande Vitória (ES)	0.4
2024	12	Saúde e cuidados pessoais	Grande Vitória (ES)	0.03
2024	12	Despesas pessoais	Grande Vitória (ES)	0.75
2024	12	Educação	Grande Vitória (ES)	0.23
2024	12	Comunicação	Grande Vitória (ES)	0.32
2024	12	Índice geral	Grande Vitória (ES)	0.52
2024	12	Alimentação e bebidas	Porto Alegre (RS)	0.62
2024	12	Habitação	Porto Alegre (RS)	-0.77
2024	12	Artigos de residência	Porto Alegre (RS)	0.88
2024	12	Vestuário	Porto Alegre (RS)	1.0
2024	12	Transportes	Porto Alegre (RS)	1.05
2024	12	Saúde e cuidados pessoais	Porto Alegre (RS)	0.38
2024	12	Despesas pessoais	Porto Alegre (RS)	0.83
2024	12	Educação	Porto Alegre (RS)	0.03
2024	12	Comunicação	Porto Alegre (RS)	0.64
2024	12	Índice geral	Porto Alegre (RS)	0.5
2024	12	Alimentação e bebidas	Recife (PE)	1.18
2024	12	Habitação	Recife (PE)	-0.9
2024	12	Artigos de residência	Recife (PE)	0.84
2024	12	Vestuário	Recife (PE)	1.4
2024	12	Transportes	Recife (PE)	-0.12
2024	12	Saúde e cuidados pessoais	Recife (PE)	0.13
2024	12	Despesas pessoais	Recife (PE)	0.88
2024	12	Educação	Recife (PE)	0.06
2024	12	Comunicação	Recife (PE)	-0.1
2024	12	Índice geral	Recife (PE)	0.34
2024	12	Alimentação e bebidas	Rio Branco (AC)	1.79
2024	12	Habitação	Rio Branco (AC)	-1.79
2024	12	Artigos de residência	Rio Branco (AC)	0.89
2024	12	Vestuário	Rio Branco (AC)	1.33
2024	12	Transportes	Rio Branco (AC)	0.47
2024	12	Saúde e cuidados pessoais	Rio Branco (AC)	-0.02
2024	12	Despesas pessoais	Rio Branco (AC)	0.82
2024	12	Educação	Rio Branco (AC)	0.51
2024	12	Comunicação	Rio Branco (AC)	0.23
2024	12	Índice geral	Rio Branco (AC)	0.53
2024	12	Alimentação e bebidas	Rio de Janeiro (RJ)	1.26
2024	12	Habitação	Rio de Janeiro (RJ)	0.0
2024	12	Artigos de residência	Rio de Janeiro (RJ)	0.35
2024	12	Vestuário	Rio de Janeiro (RJ)	1.39
2024	12	Transportes	Rio de Janeiro (RJ)	0.5
2024	12	Saúde e cuidados pessoais	Rio de Janeiro (RJ)	0.38
2024	12	Despesas pessoais	Rio de Janeiro (RJ)	0.66
2024	12	Educação	Rio de Janeiro (RJ)	0.09
2024	12	Comunicação	Rio de Janeiro (RJ)	0.68
2024	12	Índice geral	Rio de Janeiro (RJ)	0.58
2024	12	Alimentação e bebidas	Salvador (BA)	1.46
2024	12	Habitação	Salvador (BA)	-0.04
2024	12	Artigos de residência	Salvador (BA)	0.45
2024	12	Vestuário	Salvador (BA)	0.71
2024	12	Transportes	Salvador (BA)	2.44
2024	12	Saúde e cuidados pessoais	Salvador (BA)	0.2
2024	12	Despesas pessoais	Salvador (BA)	0.32
2024	12	Educação	Salvador (BA)	0.17
2024	12	Comunicação	Salvador (BA)	-0.28
2024	12	Índice geral	Salvador (BA)	0.89
2024	12	Alimentação e bebidas	São Luís (MA)	1.37
2024	12	Habitação	São Luís (MA)	-0.6
2024	12	Artigos de residência	São Luís (MA)	-0.1
2024	12	Vestuário	São Luís (MA)	0.43
2024	12	Transportes	São Luís (MA)	2.11
2024	12	Saúde e cuidados pessoais	São Luís (MA)	-0.31
2024	12	Despesas pessoais	São Luís (MA)	0.27
2024	12	Educação	São Luís (MA)	0.25
2024	12	Comunicação	São Luís (MA)	0.84
2024	12	Índice geral	São Luís (MA)	0.71
2024	12	Alimentação e bebidas	São Paulo (SP)	1.37
2024	12	Habitação	São Paulo (SP)	-0.74
2024	12	Artigos de residência	São Paulo (SP)	0.89
2024	12	Vestuário	São Paulo (SP)	1.43
2024	12	Transportes	São Paulo (SP)	0.52
2024	12	Saúde e cuidados pessoais	São Paulo (SP)	0.53
2024	12	Despesas pessoais	São Paulo (SP)	0.66
2024	12	Educação	São Paulo (SP)	0.15
2024	12	Comunicação	São Paulo (SP)	0.26
2024	12	Índice geral	São Paulo (SP)	0.52
2025	1	Alimentação e bebidas	Aracaju (SE)	1.89
2025	1	Habitação	Aracaju (SE)	-3.4
2025	1	Artigos de residência	Aracaju (SE)	0.72
2025	1	Vestuário	Aracaju (SE)	-0.03
2025	1	Transportes	Aracaju (SE)	1.66
2025	1	Saúde e cuidados pessoais	Aracaju (SE)	0.75
2025	1	Despesas pessoais	Aracaju (SE)	1.24
2025	1	Educação	Aracaju (SE)	0.23
2025	1	Comunicação	Aracaju (SE)	0.26
2025	1	Índice geral	Aracaju (SE)	0.59
2025	1	Alimentação e bebidas	Belo Horizonte (MG)	1.15
2025	1	Habitação	Belo Horizonte (MG)	-2.12
2025	1	Artigos de residência	Belo Horizonte (MG)	0.09
2025	1	Vestuário	Belo Horizonte (MG)	-0.06
2025	1	Transportes	Belo Horizonte (MG)	1.45
2025	1	Saúde e cuidados pessoais	Belo Horizonte (MG)	0.58
2025	1	Despesas pessoais	Belo Horizonte (MG)	0.44
2025	1	Educação	Belo Horizonte (MG)	0.53
2025	1	Comunicação	Belo Horizonte (MG)	-0.1
2025	1	Índice geral	Belo Horizonte (MG)	0.43
2025	1	Alimentação e bebidas	Belém (PA)	1.64
2025	1	Habitação	Belém (PA)	-4.28
2025	1	Artigos de residência	Belém (PA)	0.28
2025	1	Vestuário	Belém (PA)	0.18
2025	1	Transportes	Belém (PA)	0.77
2025	1	Saúde e cuidados pessoais	Belém (PA)	1.65
2025	1	Despesas pessoais	Belém (PA)	0.56
2025	1	Educação	Belém (PA)	0.03
2025	1	Comunicação	Belém (PA)	0.25
2025	1	Índice geral	Belém (PA)	0.22
2025	1	Alimentação e bebidas	Brasil	0.96
2025	1	Habitação	Brasil	-3.08
2025	1	Artigos de residência	Brasil	-0.09
2025	1	Vestuário	Brasil	-0.14
2025	1	Transportes	Brasil	1.3
2025	1	Saúde e cuidados pessoais	Brasil	0.7
2025	1	Despesas pessoais	Brasil	0.51
2025	1	Educação	Brasil	0.26
2025	1	Comunicação	Brasil	-0.17
2025	1	Índice geral	Brasil	0.16
2025	1	Alimentação e bebidas	Brasília (DF)	1.08
2025	1	Habitação	Brasília (DF)	-2.83
2025	1	Artigos de residência	Brasília (DF)	0.73
2025	1	Vestuário	Brasília (DF)	-0.97
2025	1	Transportes	Brasília (DF)	2.88
2025	1	Saúde e cuidados pessoais	Brasília (DF)	0.54
2025	1	Despesas pessoais	Brasília (DF)	0.08
2025	1	Educação	Brasília (DF)	0.16
2025	1	Comunicação	Brasília (DF)	0.02
2025	1	Índice geral	Brasília (DF)	0.56
2025	1	Alimentação e bebidas	Campo Grande (MS)	0.1
2025	1	Habitação	Campo Grande (MS)	-2.6
2025	1	Artigos de residência	Campo Grande (MS)	0.11
2025	1	Vestuário	Campo Grande (MS)	0.4
2025	1	Transportes	Campo Grande (MS)	0.82
2025	1	Saúde e cuidados pessoais	Campo Grande (MS)	1.03
2025	1	Despesas pessoais	Campo Grande (MS)	0.63
2025	1	Educação	Campo Grande (MS)	0.26
2025	1	Comunicação	Campo Grande (MS)	0.04
2025	1	Índice geral	Campo Grande (MS)	0.04
2025	1	Alimentação e bebidas	Curitiba (PR)	0.68
2025	1	Habitação	Curitiba (PR)	-3.6
2025	1	Artigos de residência	Curitiba (PR)	-0.13
2025	1	Vestuário	Curitiba (PR)	0.8
2025	1	Transportes	Curitiba (PR)	0.6
2025	1	Saúde e cuidados pessoais	Curitiba (PR)	0.75
2025	1	Despesas pessoais	Curitiba (PR)	0.14
2025	1	Educação	Curitiba (PR)	0.21
2025	1	Comunicação	Curitiba (PR)	-0.34
2025	1	Índice geral	Curitiba (PR)	-0.09
2025	1	Alimentação e bebidas	Fortaleza (CE)	1.25
2025	1	Habitação	Fortaleza (CE)	-2.94
2025	1	Artigos de residência	Fortaleza (CE)	0.09
2025	1	Vestuário	Fortaleza (CE)	-0.36
2025	1	Transportes	Fortaleza (CE)	0.9
2025	1	Saúde e cuidados pessoais	Fortaleza (CE)	0.05
2025	1	Despesas pessoais	Fortaleza (CE)	1.24
2025	1	Educação	Fortaleza (CE)	0.41
2025	1	Comunicação	Fortaleza (CE)	-0.02
2025	1	Índice geral	Fortaleza (CE)	0.11
2025	1	Alimentação e bebidas	Goiânia (GO)	0.72
2025	1	Habitação	Goiânia (GO)	-4.57
2025	1	Artigos de residência	Goiânia (GO)	0.34
2025	1	Vestuário	Goiânia (GO)	0.12
2025	1	Transportes	Goiânia (GO)	1.46
2025	1	Saúde e cuidados pessoais	Goiânia (GO)	0.38
2025	1	Despesas pessoais	Goiânia (GO)	-0.06
2025	1	Educação	Goiânia (GO)	0.02
2025	1	Comunicação	Goiânia (GO)	0.05
2025	1	Índice geral	Goiânia (GO)	-0.03
2025	1	Alimentação e bebidas	Grande Vitória (ES)	1.64
2025	1	Habitação	Grande Vitória (ES)	-4.47
2025	1	Artigos de residência	Grande Vitória (ES)	0.63
2025	1	Vestuário	Grande Vitória (ES)	0.2
2025	1	Transportes	Grande Vitória (ES)	2.08
2025	1	Saúde e cuidados pessoais	Grande Vitória (ES)	0.84
2025	1	Despesas pessoais	Grande Vitória (ES)	0.82
2025	1	Educação	Grande Vitória (ES)	0.17
2025	1	Comunicação	Grande Vitória (ES)	-0.01
2025	1	Índice geral	Grande Vitória (ES)	0.35
2025	1	Alimentação e bebidas	Porto Alegre (RS)	1.0
2025	1	Habitação	Porto Alegre (RS)	-3.45
2025	1	Artigos de residência	Porto Alegre (RS)	0.56
2025	1	Vestuário	Porto Alegre (RS)	0.02
2025	1	Transportes	Porto Alegre (RS)	0.19
2025	1	Saúde e cuidados pessoais	Porto Alegre (RS)	0.83
2025	1	Despesas pessoais	Porto Alegre (RS)	0.56
2025	1	Educação	Porto Alegre (RS)	0.22
2025	1	Comunicação	Porto Alegre (RS)	0.0
2025	1	Índice geral	Porto Alegre (RS)	-0.03
2025	1	Alimentação e bebidas	Recife (PE)	0.57
2025	1	Habitação	Recife (PE)	-4.24
2025	1	Artigos de residência	Recife (PE)	-0.23
2025	1	Vestuário	Recife (PE)	0.24
2025	1	Transportes	Recife (PE)	2.17
2025	1	Saúde e cuidados pessoais	Recife (PE)	0.25
2025	1	Despesas pessoais	Recife (PE)	0.94
2025	1	Educação	Recife (PE)	0.24
2025	1	Comunicação	Recife (PE)	0.28
2025	1	Índice geral	Recife (PE)	0.12
2025	1	Alimentação e bebidas	Rio Branco (AC)	0.7
2025	1	Habitação	Rio Branco (AC)	-8.03
2025	1	Artigos de residência	Rio Branco (AC)	0.99
2025	1	Vestuário	Rio Branco (AC)	0.16
2025	1	Transportes	Rio Branco (AC)	1.19
2025	1	Saúde e cuidados pessoais	Rio Branco (AC)	0.94
2025	1	Despesas pessoais	Rio Branco (AC)	0.58
2025	1	Educação	Rio Branco (AC)	0.02
2025	1	Comunicação	Rio Branco (AC)	-0.1
2025	1	Índice geral	Rio Branco (AC)	-0.34
2025	1	Alimentação e bebidas	Rio de Janeiro (RJ)	0.8
2025	1	Habitação	Rio de Janeiro (RJ)	-3.13
2025	1	Artigos de residência	Rio de Janeiro (RJ)	0.07
2025	1	Vestuário	Rio de Janeiro (RJ)	-0.36
2025	1	Transportes	Rio de Janeiro (RJ)	1.58
2025	1	Saúde e cuidados pessoais	Rio de Janeiro (RJ)	0.46
2025	1	Despesas pessoais	Rio de Janeiro (RJ)	1.32
2025	1	Educação	Rio de Janeiro (RJ)	0.15
2025	1	Comunicação	Rio de Janeiro (RJ)	-0.46
2025	1	Índice geral	Rio de Janeiro (RJ)	0.06
2025	1	Alimentação e bebidas	Salvador (BA)	1.81
2025	1	Habitação	Salvador (BA)	-3.41
2025	1	Artigos de residência	Salvador (BA)	-0.06
2025	1	Vestuário	Salvador (BA)	-0.4
2025	1	Transportes	Salvador (BA)	1.22
2025	1	Saúde e cuidados pessoais	Salvador (BA)	0.64
2025	1	Despesas pessoais	Salvador (BA)	1.35
2025	1	Educação	Salvador (BA)	0.23
2025	1	Comunicação	Salvador (BA)	-0.05
2025	1	Índice geral	Salvador (BA)	0.38
2025	1	Alimentação e bebidas	São Luís (MA)	1.22
2025	1	Habitação	São Luís (MA)	-5.71
2025	1	Artigos de residência	São Luís (MA)	0.67
2025	1	Vestuário	São Luís (MA)	0.15
2025	1	Transportes	São Luís (MA)	1.08
2025	1	Saúde e cuidados pessoais	São Luís (MA)	1.23
2025	1	Despesas pessoais	São Luís (MA)	-0.06
2025	1	Educação	São Luís (MA)	0.36
2025	1	Comunicação	São Luís (MA)	-0.41
2025	1	Índice geral	São Luís (MA)	-0.08
2025	1	Alimentação e bebidas	São Paulo (SP)	0.74
2025	1	Habitação	São Paulo (SP)	-2.42
2025	1	Artigos de residência	São Paulo (SP)	-0.74
2025	1	Vestuário	São Paulo (SP)	-0.51
2025	1	Transportes	São Paulo (SP)	1.44
2025	1	Saúde e cuidados pessoais	São Paulo (SP)	0.81
2025	1	Despesas pessoais	São Paulo (SP)	0.28
2025	1	Educação	São Paulo (SP)	0.28
2025	1	Comunicação	São Paulo (SP)	-0.3
2025	1	Índice geral	São Paulo (SP)	0.15
2025	2	Alimentação e bebidas	Aracaju (SE)	1.43
2025	2	Habitação	Aracaju (SE)	4.52
2025	2	Artigos de residência	Aracaju (SE)	1.06
2025	2	Vestuário	Aracaju (SE)	0.21
2025	2	Transportes	Aracaju (SE)	0.95
2025	2	Saúde e cuidados pessoais	Aracaju (SE)	1.05
2025	2	Despesas pessoais	Aracaju (SE)	-0.06
2025	2	Educação	Aracaju (SE)	5.14
2025	2	Comunicação	Aracaju (SE)	-0.01
2025	2	Índice geral	Aracaju (SE)	1.64
2025	2	Alimentação e bebidas	Belo Horizonte (MG)	1.1
2025	2	Habitação	Belo Horizonte (MG)	4.29
2025	2	Artigos de residência	Belo Horizonte (MG)	0.49
2025	2	Vestuário	Belo Horizonte (MG)	0.13
2025	2	Transportes	Belo Horizonte (MG)	0.71
2025	2	Saúde e cuidados pessoais	Belo Horizonte (MG)	0.44
2025	2	Despesas pessoais	Belo Horizonte (MG)	0.8
2025	2	Educação	Belo Horizonte (MG)	3.77
2025	2	Comunicação	Belo Horizonte (MG)	-0.05
2025	2	Índice geral	Belo Horizonte (MG)	1.31
2025	2	Alimentação e bebidas	Belém (PA)	1.84
2025	2	Habitação	Belém (PA)	5.07
2025	2	Artigos de residência	Belém (PA)	0.35
2025	2	Vestuário	Belém (PA)	0.02
2025	2	Transportes	Belém (PA)	-0.24
2025	2	Saúde e cuidados pessoais	Belém (PA)	1.0
2025	2	Despesas pessoais	Belém (PA)	-0.42
2025	2	Educação	Belém (PA)	5.17
2025	2	Comunicação	Belém (PA)	0.08
2025	2	Índice geral	Belém (PA)	1.52
2025	2	Alimentação e bebidas	Brasil	0.7
2025	2	Habitação	Brasil	4.44
2025	2	Artigos de residência	Brasil	0.44
2025	2	Vestuário	Brasil	0.0
2025	2	Transportes	Brasil	0.61
2025	2	Saúde e cuidados pessoais	Brasil	0.49
2025	2	Despesas pessoais	Brasil	0.13
2025	2	Educação	Brasil	4.7
2025	2	Comunicação	Brasil	0.17
2025	2	Índice geral	Brasil	1.31
2025	2	Alimentação e bebidas	Brasília (DF)	1.2
2025	2	Habitação	Brasília (DF)	4.41
2025	2	Artigos de residência	Brasília (DF)	0.64
2025	2	Vestuário	Brasília (DF)	0.79
2025	2	Transportes	Brasília (DF)	0.42
2025	2	Saúde e cuidados pessoais	Brasília (DF)	0.62
2025	2	Despesas pessoais	Brasília (DF)	0.46
2025	2	Educação	Brasília (DF)	4.3
2025	2	Comunicação	Brasília (DF)	0.04
2025	2	Índice geral	Brasília (DF)	1.38
2025	2	Alimentação e bebidas	Campo Grande (MS)	0.96
2025	2	Habitação	Campo Grande (MS)	4.76
2025	2	Artigos de residência	Campo Grande (MS)	0.8
2025	2	Vestuário	Campo Grande (MS)	0.78
2025	2	Transportes	Campo Grande (MS)	1.32
2025	2	Saúde e cuidados pessoais	Campo Grande (MS)	0.45
2025	2	Despesas pessoais	Campo Grande (MS)	0.76
2025	2	Educação	Campo Grande (MS)	4.3
2025	2	Comunicação	Campo Grande (MS)	0.32
2025	2	Índice geral	Campo Grande (MS)	1.62
2025	2	Alimentação e bebidas	Curitiba (PR)	1.35
2025	2	Habitação	Curitiba (PR)	3.6
2025	2	Artigos de residência	Curitiba (PR)	0.79
2025	2	Vestuário	Curitiba (PR)	0.5
2025	2	Transportes	Curitiba (PR)	1.67
2025	2	Saúde e cuidados pessoais	Curitiba (PR)	0.32
2025	2	Despesas pessoais	Curitiba (PR)	-0.47
2025	2	Educação	Curitiba (PR)	5.29
2025	2	Comunicação	Curitiba (PR)	0.06
2025	2	Índice geral	Curitiba (PR)	1.55
2025	2	Alimentação e bebidas	Fortaleza (CE)	0.71
2025	2	Habitação	Fortaleza (CE)	3.95
2025	2	Artigos de residência	Fortaleza (CE)	0.58
2025	2	Vestuário	Fortaleza (CE)	-0.54
2025	2	Transportes	Fortaleza (CE)	-0.86
2025	2	Saúde e cuidados pessoais	Fortaleza (CE)	0.9
2025	2	Despesas pessoais	Fortaleza (CE)	-0.45
2025	2	Educação	Fortaleza (CE)	4.79
2025	2	Comunicação	Fortaleza (CE)	-0.13
2025	2	Índice geral	Fortaleza (CE)	1.03
2025	2	Alimentação e bebidas	Goiânia (GO)	0.45
2025	2	Habitação	Goiânia (GO)	4.69
2025	2	Artigos de residência	Goiânia (GO)	0.15
2025	2	Vestuário	Goiânia (GO)	-0.25
2025	2	Transportes	Goiânia (GO)	0.31
2025	2	Saúde e cuidados pessoais	Goiânia (GO)	0.24
2025	2	Despesas pessoais	Goiânia (GO)	0.63
2025	2	Educação	Goiânia (GO)	5.23
2025	2	Comunicação	Goiânia (GO)	0.21
2025	2	Índice geral	Goiânia (GO)	1.16
2025	2	Alimentação e bebidas	Grande Vitória (ES)	0.96
2025	2	Habitação	Grande Vitória (ES)	5.39
2025	2	Artigos de residência	Grande Vitória (ES)	0.6
2025	2	Vestuário	Grande Vitória (ES)	0.0
2025	2	Transportes	Grande Vitória (ES)	0.81
2025	2	Saúde e cuidados pessoais	Grande Vitória (ES)	0.27
2025	2	Despesas pessoais	Grande Vitória (ES)	-0.17
2025	2	Educação	Grande Vitória (ES)	5.5
2025	2	Comunicação	Grande Vitória (ES)	0.17
2025	2	Índice geral	Grande Vitória (ES)	1.51
2025	2	Alimentação e bebidas	Porto Alegre (RS)	0.31
2025	2	Habitação	Porto Alegre (RS)	5.09
2025	2	Artigos de residência	Porto Alegre (RS)	-0.02
2025	2	Vestuário	Porto Alegre (RS)	0.51
2025	2	Transportes	Porto Alegre (RS)	1.02
2025	2	Saúde e cuidados pessoais	Porto Alegre (RS)	0.39
2025	2	Despesas pessoais	Porto Alegre (RS)	0.28
2025	2	Educação	Porto Alegre (RS)	4.15
2025	2	Comunicação	Porto Alegre (RS)	0.04
2025	2	Índice geral	Porto Alegre (RS)	1.29
2025	2	Alimentação e bebidas	Recife (PE)	0.92
2025	2	Habitação	Recife (PE)	4.91
2025	2	Artigos de residência	Recife (PE)	0.66
2025	2	Vestuário	Recife (PE)	-0.1
2025	2	Transportes	Recife (PE)	1.41
2025	2	Saúde e cuidados pessoais	Recife (PE)	0.3
2025	2	Despesas pessoais	Recife (PE)	-0.85
2025	2	Educação	Recife (PE)	4.71
2025	2	Comunicação	Recife (PE)	-0.3
2025	2	Índice geral	Recife (PE)	1.4
2025	2	Alimentação e bebidas	Rio Branco (AC)	0.18
2025	2	Habitação	Rio Branco (AC)	7.5
2025	2	Artigos de residência	Rio Branco (AC)	-0.14
2025	2	Vestuário	Rio Branco (AC)	-0.12
2025	2	Transportes	Rio Branco (AC)	-0.26
2025	2	Saúde e cuidados pessoais	Rio Branco (AC)	0.68
2025	2	Despesas pessoais	Rio Branco (AC)	0.2
2025	2	Educação	Rio Branco (AC)	3.92
2025	2	Comunicação	Rio Branco (AC)	0.11
2025	2	Índice geral	Rio Branco (AC)	1.06
2025	2	Alimentação e bebidas	Rio de Janeiro (RJ)	0.72
2025	2	Habitação	Rio de Janeiro (RJ)	4.54
2025	2	Artigos de residência	Rio de Janeiro (RJ)	0.66
2025	2	Vestuário	Rio de Janeiro (RJ)	-0.34
2025	2	Transportes	Rio de Janeiro (RJ)	0.25
2025	2	Saúde e cuidados pessoais	Rio de Janeiro (RJ)	0.87
2025	2	Despesas pessoais	Rio de Janeiro (RJ)	-0.2
2025	2	Educação	Rio de Janeiro (RJ)	4.75
2025	2	Comunicação	Rio de Janeiro (RJ)	0.57
2025	2	Índice geral	Rio de Janeiro (RJ)	1.4
2025	2	Alimentação e bebidas	Salvador (BA)	1.12
2025	2	Habitação	Salvador (BA)	5.3
2025	2	Artigos de residência	Salvador (BA)	-0.02
2025	2	Vestuário	Salvador (BA)	-0.08
2025	2	Transportes	Salvador (BA)	-0.33
2025	2	Saúde e cuidados pessoais	Salvador (BA)	0.57
2025	2	Despesas pessoais	Salvador (BA)	1.0
2025	2	Educação	Salvador (BA)	4.64
2025	2	Comunicação	Salvador (BA)	-0.03
2025	2	Índice geral	Salvador (BA)	1.38
2025	2	Alimentação e bebidas	São Luís (MA)	0.56
2025	2	Habitação	São Luís (MA)	5.09
2025	2	Artigos de residência	São Luís (MA)	0.16
2025	2	Vestuário	São Luís (MA)	0.52
2025	2	Transportes	São Luís (MA)	0.82
2025	2	Saúde e cuidados pessoais	São Luís (MA)	1.17
2025	2	Despesas pessoais	São Luís (MA)	0.36
2025	2	Educação	São Luís (MA)	3.55
2025	2	Comunicação	São Luís (MA)	0.68
2025	2	Índice geral	São Luís (MA)	1.41
2025	2	Alimentação e bebidas	São Paulo (SP)	0.16
2025	2	Habitação	São Paulo (SP)	4.12
2025	2	Artigos de residência	São Paulo (SP)	0.47
2025	2	Vestuário	São Paulo (SP)	-0.34
2025	2	Transportes	São Paulo (SP)	0.56
2025	2	Saúde e cuidados pessoais	São Paulo (SP)	0.33
2025	2	Despesas pessoais	São Paulo (SP)	0.02
2025	2	Educação	São Paulo (SP)	4.88
2025	2	Comunicação	São Paulo (SP)	0.26
2025	2	Índice geral	São Paulo (SP)	1.18
2025	3	Alimentação e bebidas	Aracaju (SE)	0.26
2025	3	Habitação	Aracaju (SE)	0.36
2025	3	Artigos de residência	Aracaju (SE)	1.32
2025	3	Vestuário	Aracaju (SE)	0.24
2025	3	Transportes	Aracaju (SE)	0.46
2025	3	Saúde e cuidados pessoais	Aracaju (SE)	0.47
2025	3	Despesas pessoais	Aracaju (SE)	0.57
2025	3	Educação	Aracaju (SE)	0.07
2025	3	Comunicação	Aracaju (SE)	0.6
2025	3	Índice geral	Aracaju (SE)	0.4
2025	3	Alimentação e bebidas	Belo Horizonte (MG)	0.71
2025	3	Habitação	Belo Horizonte (MG)	0.1
2025	3	Artigos de residência	Belo Horizonte (MG)	0.58
2025	3	Vestuário	Belo Horizonte (MG)	0.82
2025	3	Transportes	Belo Horizonte (MG)	-0.08
2025	3	Saúde e cuidados pessoais	Belo Horizonte (MG)	0.59
2025	3	Despesas pessoais	Belo Horizonte (MG)	0.67
2025	3	Educação	Belo Horizonte (MG)	0.12
2025	3	Comunicação	Belo Horizonte (MG)	0.45
2025	3	Índice geral	Belo Horizonte (MG)	0.41
2025	3	Alimentação e bebidas	Belém (PA)	0.38
2025	3	Habitação	Belém (PA)	0.33
2025	3	Artigos de residência	Belém (PA)	0.46
2025	3	Vestuário	Belém (PA)	0.14
2025	3	Transportes	Belém (PA)	0.48
2025	3	Saúde e cuidados pessoais	Belém (PA)	0.16
2025	3	Despesas pessoais	Belém (PA)	0.73
2025	3	Educação	Belém (PA)	0.12
2025	3	Comunicação	Belém (PA)	0.02
2025	3	Índice geral	Belém (PA)	0.35
2025	3	Alimentação e bebidas	Brasil	1.17
2025	3	Habitação	Brasil	0.24
2025	3	Artigos de residência	Brasil	0.13
2025	3	Vestuário	Brasil	0.59
2025	3	Transportes	Brasil	0.46
2025	3	Saúde e cuidados pessoais	Brasil	0.43
2025	3	Despesas pessoais	Brasil	0.7
2025	3	Educação	Brasil	0.1
2025	3	Comunicação	Brasil	0.24
2025	3	Índice geral	Brasil	0.56
2025	3	Alimentação e bebidas	Brasília (DF)	0.28
2025	3	Habitação	Brasília (DF)	0.58
2025	3	Artigos de residência	Brasília (DF)	-0.07
2025	3	Vestuário	Brasília (DF)	1.81
2025	3	Transportes	Brasília (DF)	-0.56
2025	3	Saúde e cuidados pessoais	Brasília (DF)	0.57
2025	3	Despesas pessoais	Brasília (DF)	0.89
2025	3	Educação	Brasília (DF)	0.01
2025	3	Comunicação	Brasília (DF)	0.29
2025	3	Índice geral	Brasília (DF)	0.27
2025	3	Alimentação e bebidas	Campo Grande (MS)	0.26
2025	3	Habitação	Campo Grande (MS)	0.09
2025	3	Artigos de residência	Campo Grande (MS)	0.92
2025	3	Vestuário	Campo Grande (MS)	0.06
2025	3	Transportes	Campo Grande (MS)	0.54
2025	3	Saúde e cuidados pessoais	Campo Grande (MS)	0.59
2025	3	Despesas pessoais	Campo Grande (MS)	0.86
2025	3	Educação	Campo Grande (MS)	0.2
2025	3	Comunicação	Campo Grande (MS)	0.49
2025	3	Índice geral	Campo Grande (MS)	0.42
2025	3	Alimentação e bebidas	Curitiba (PR)	1.34
2025	3	Habitação	Curitiba (PR)	0.38
2025	3	Artigos de residência	Curitiba (PR)	0.5
2025	3	Vestuário	Curitiba (PR)	1.65
2025	3	Transportes	Curitiba (PR)	1.0
2025	3	Saúde e cuidados pessoais	Curitiba (PR)	-0.13
2025	3	Despesas pessoais	Curitiba (PR)	0.41
2025	3	Educação	Curitiba (PR)	0.18
2025	3	Comunicação	Curitiba (PR)	0.55
2025	3	Índice geral	Curitiba (PR)	0.76
2025	3	Alimentação e bebidas	Fortaleza (CE)	1.09
2025	3	Habitação	Fortaleza (CE)	-0.74
2025	3	Artigos de residência	Fortaleza (CE)	0.48
2025	3	Vestuário	Fortaleza (CE)	-0.08
2025	3	Transportes	Fortaleza (CE)	0.17
2025	3	Saúde e cuidados pessoais	Fortaleza (CE)	0.64
2025	3	Despesas pessoais	Fortaleza (CE)	0.72
2025	3	Educação	Fortaleza (CE)	0.03
2025	3	Comunicação	Fortaleza (CE)	-0.5
2025	3	Índice geral	Fortaleza (CE)	0.32
2025	3	Alimentação e bebidas	Goiânia (GO)	0.53
2025	3	Habitação	Goiânia (GO)	1.14
2025	3	Artigos de residência	Goiânia (GO)	-0.12
2025	3	Vestuário	Goiânia (GO)	0.36
2025	3	Transportes	Goiânia (GO)	-0.57
2025	3	Saúde e cuidados pessoais	Goiânia (GO)	0.78
2025	3	Despesas pessoais	Goiânia (GO)	0.46
2025	3	Educação	Goiânia (GO)	0.09
2025	3	Comunicação	Goiânia (GO)	0.57
2025	3	Índice geral	Goiânia (GO)	0.31
2025	3	Alimentação e bebidas	Grande Vitória (ES)	0.83
2025	3	Habitação	Grande Vitória (ES)	0.71
2025	3	Artigos de residência	Grande Vitória (ES)	0.87
2025	3	Vestuário	Grande Vitória (ES)	0.4
2025	3	Transportes	Grande Vitória (ES)	0.29
2025	3	Saúde e cuidados pessoais	Grande Vitória (ES)	0.26
2025	3	Despesas pessoais	Grande Vitória (ES)	0.88
2025	3	Educação	Grande Vitória (ES)	0.04
2025	3	Comunicação	Grande Vitória (ES)	0.7
2025	3	Índice geral	Grande Vitória (ES)	0.53
2025	3	Alimentação e bebidas	Porto Alegre (RS)	1.72
2025	3	Habitação	Porto Alegre (RS)	0.19
2025	3	Artigos de residência	Porto Alegre (RS)	-0.09
2025	3	Vestuário	Porto Alegre (RS)	-0.21
2025	3	Transportes	Porto Alegre (RS)	1.02
2025	3	Saúde e cuidados pessoais	Porto Alegre (RS)	0.53
2025	3	Despesas pessoais	Porto Alegre (RS)	0.64
2025	3	Educação	Porto Alegre (RS)	0.22
2025	3	Comunicação	Porto Alegre (RS)	0.26
2025	3	Índice geral	Porto Alegre (RS)	0.76
2025	3	Alimentação e bebidas	Recife (PE)	0.64
2025	3	Habitação	Recife (PE)	-0.08
2025	3	Artigos de residência	Recife (PE)	-0.09
2025	3	Vestuário	Recife (PE)	-0.57
2025	3	Transportes	Recife (PE)	0.32
2025	3	Saúde e cuidados pessoais	Recife (PE)	0.82
2025	3	Despesas pessoais	Recife (PE)	0.86
2025	3	Educação	Recife (PE)	0.0
2025	3	Comunicação	Recife (PE)	0.0
2025	3	Índice geral	Recife (PE)	0.36
2025	3	Alimentação e bebidas	Rio Branco (AC)	0.26
2025	3	Habitação	Rio Branco (AC)	0.25
2025	3	Artigos de residência	Rio Branco (AC)	-0.7
2025	3	Vestuário	Rio Branco (AC)	0.49
2025	3	Transportes	Rio Branco (AC)	-0.02
2025	3	Saúde e cuidados pessoais	Rio Branco (AC)	0.73
2025	3	Despesas pessoais	Rio Branco (AC)	0.76
2025	3	Educação	Rio Branco (AC)	0.28
2025	3	Comunicação	Rio Branco (AC)	0.43
2025	3	Índice geral	Rio Branco (AC)	0.27
2025	3	Alimentação e bebidas	Rio de Janeiro (RJ)	1.31
2025	3	Habitação	Rio de Janeiro (RJ)	-0.16
2025	3	Artigos de residência	Rio de Janeiro (RJ)	-0.36
2025	3	Vestuário	Rio de Janeiro (RJ)	1.12
2025	3	Transportes	Rio de Janeiro (RJ)	0.64
2025	3	Saúde e cuidados pessoais	Rio de Janeiro (RJ)	0.28
2025	3	Despesas pessoais	Rio de Janeiro (RJ)	1.0
2025	3	Educação	Rio de Janeiro (RJ)	0.16
2025	3	Comunicação	Rio de Janeiro (RJ)	-0.19
2025	3	Índice geral	Rio de Janeiro (RJ)	0.53
2025	3	Alimentação e bebidas	Salvador (BA)	0.96
2025	3	Habitação	Salvador (BA)	0.06
2025	3	Artigos de residência	Salvador (BA)	0.21
2025	3	Vestuário	Salvador (BA)	0.57
2025	3	Transportes	Salvador (BA)	0.57
2025	3	Saúde e cuidados pessoais	Salvador (BA)	-0.06
2025	3	Despesas pessoais	Salvador (BA)	0.3
2025	3	Educação	Salvador (BA)	0.07
2025	3	Comunicação	Salvador (BA)	0.44
2025	3	Índice geral	Salvador (BA)	0.41
2025	3	Alimentação e bebidas	São Luís (MA)	1.09
2025	3	Habitação	São Luís (MA)	0.11
2025	3	Artigos de residência	São Luís (MA)	0.39
2025	3	Vestuário	São Luís (MA)	0.89
2025	3	Transportes	São Luís (MA)	0.21
2025	3	Saúde e cuidados pessoais	São Luís (MA)	0.47
2025	3	Despesas pessoais	São Luís (MA)	1.04
2025	3	Educação	São Luís (MA)	-0.07
2025	3	Comunicação	São Luís (MA)	-0.27
2025	3	Índice geral	São Luís (MA)	0.55
2025	3	Alimentação e bebidas	São Paulo (SP)	1.62
2025	3	Habitação	São Paulo (SP)	0.4
2025	3	Artigos de residência	São Paulo (SP)	-0.06
2025	3	Vestuário	São Paulo (SP)	0.59
2025	3	Transportes	São Paulo (SP)	0.6
2025	3	Saúde e cuidados pessoais	São Paulo (SP)	0.52
2025	3	Despesas pessoais	São Paulo (SP)	0.75
2025	3	Educação	São Paulo (SP)	0.09
2025	3	Comunicação	São Paulo (SP)	0.26
2025	3	Índice geral	São Paulo (SP)	0.71
2025	4	Alimentação e bebidas	Aracaju (SE)	0.38
2025	4	Habitação	Aracaju (SE)	0.66
2025	4	Artigos de residência	Aracaju (SE)	0.44
2025	4	Vestuário	Aracaju (SE)	0.56
2025	4	Transportes	Aracaju (SE)	-0.03
2025	4	Saúde e cuidados pessoais	Aracaju (SE)	0.72
2025	4	Despesas pessoais	Aracaju (SE)	0.49
2025	4	Educação	Aracaju (SE)	0.02
2025	4	Comunicação	Aracaju (SE)	0.37
2025	4	Índice geral	Aracaju (SE)	0.39
2025	4	Alimentação e bebidas	Belo Horizonte (MG)	0.34
2025	4	Habitação	Belo Horizonte (MG)	-0.22
2025	4	Artigos de residência	Belo Horizonte (MG)	0.98
2025	4	Vestuário	Belo Horizonte (MG)	1.57
2025	4	Transportes	Belo Horizonte (MG)	0.2
2025	4	Saúde e cuidados pessoais	Belo Horizonte (MG)	1.28
2025	4	Despesas pessoais	Belo Horizonte (MG)	0.67
2025	4	Educação	Belo Horizonte (MG)	0.1
2025	4	Comunicação	Belo Horizonte (MG)	0.53
2025	4	Índice geral	Belo Horizonte (MG)	0.49
2025	4	Alimentação e bebidas	Belém (PA)	0.59
2025	4	Habitação	Belém (PA)	0.93
2025	4	Artigos de residência	Belém (PA)	0.04
2025	4	Vestuário	Belém (PA)	0.27
2025	4	Transportes	Belém (PA)	-0.73
2025	4	Saúde e cuidados pessoais	Belém (PA)	1.45
2025	4	Despesas pessoais	Belém (PA)	0.53
2025	4	Educação	Belém (PA)	0.2
2025	4	Comunicação	Belém (PA)	0.35
2025	4	Índice geral	Belém (PA)	0.44
2025	4	Alimentação e bebidas	Brasil	0.82
2025	4	Habitação	Brasil	0.14
2025	4	Artigos de residência	Brasil	0.53
2025	4	Vestuário	Brasil	1.02
2025	4	Transportes	Brasil	-0.38
2025	4	Saúde e cuidados pessoais	Brasil	1.18
2025	4	Despesas pessoais	Brasil	0.54
2025	4	Educação	Brasil	0.05
2025	4	Comunicação	Brasil	0.69
2025	4	Índice geral	Brasil	0.43
2025	4	Alimentação e bebidas	Brasília (DF)	0.62
2025	4	Habitação	Brasília (DF)	-0.18
2025	4	Artigos de residência	Brasília (DF)	-0.35
2025	4	Vestuário	Brasília (DF)	1.33
2025	4	Transportes	Brasília (DF)	-1.26
2025	4	Saúde e cuidados pessoais	Brasília (DF)	0.85
2025	4	Despesas pessoais	Brasília (DF)	0.29
2025	4	Educação	Brasília (DF)	-0.14
2025	4	Comunicação	Brasília (DF)	1.06
2025	4	Índice geral	Brasília (DF)	0.04
2025	4	Alimentação e bebidas	Campo Grande (MS)	1.38
2025	4	Habitação	Campo Grande (MS)	0.15
2025	4	Artigos de residência	Campo Grande (MS)	1.68
2025	4	Vestuário	Campo Grande (MS)	0.19
2025	4	Transportes	Campo Grande (MS)	-0.29
2025	4	Saúde e cuidados pessoais	Campo Grande (MS)	1.45
2025	4	Despesas pessoais	Campo Grande (MS)	0.54
2025	4	Educação	Campo Grande (MS)	0.01
2025	4	Comunicação	Campo Grande (MS)	0.26
2025	4	Índice geral	Campo Grande (MS)	0.6
2025	4	Alimentação e bebidas	Curitiba (PR)	0.8
2025	4	Habitação	Curitiba (PR)	0.12
2025	4	Artigos de residência	Curitiba (PR)	0.83
2025	4	Vestuário	Curitiba (PR)	0.76
2025	4	Transportes	Curitiba (PR)	-0.54
2025	4	Saúde e cuidados pessoais	Curitiba (PR)	1.31
2025	4	Despesas pessoais	Curitiba (PR)	0.73
2025	4	Educação	Curitiba (PR)	0.1
2025	4	Comunicação	Curitiba (PR)	0.87
2025	4	Índice geral	Curitiba (PR)	0.37
2025	4	Alimentação e bebidas	Fortaleza (CE)	0.55
2025	4	Habitação	Fortaleza (CE)	0.3
2025	4	Artigos de residência	Fortaleza (CE)	0.06
2025	4	Vestuário	Fortaleza (CE)	0.7
2025	4	Transportes	Fortaleza (CE)	0.68
2025	4	Saúde e cuidados pessoais	Fortaleza (CE)	1.35
2025	4	Despesas pessoais	Fortaleza (CE)	0.64
2025	4	Educação	Fortaleza (CE)	0.04
2025	4	Comunicação	Fortaleza (CE)	0.57
2025	4	Índice geral	Fortaleza (CE)	0.6
2025	4	Alimentação e bebidas	Goiânia (GO)	0.83
2025	4	Habitação	Goiânia (GO)	-0.17
2025	4	Artigos de residência	Goiânia (GO)	-0.02
2025	4	Vestuário	Goiânia (GO)	1.51
2025	4	Transportes	Goiânia (GO)	-1.3
2025	4	Saúde e cuidados pessoais	Goiânia (GO)	1.22
2025	4	Despesas pessoais	Goiânia (GO)	0.56
2025	4	Educação	Goiânia (GO)	0.05
2025	4	Comunicação	Goiânia (GO)	0.32
2025	4	Índice geral	Goiânia (GO)	0.14
2025	4	Alimentação e bebidas	Grande Vitória (ES)	0.72
2025	4	Habitação	Grande Vitória (ES)	0.65
2025	4	Artigos de residência	Grande Vitória (ES)	0.06
2025	4	Vestuário	Grande Vitória (ES)	0.19
2025	4	Transportes	Grande Vitória (ES)	-0.61
2025	4	Saúde e cuidados pessoais	Grande Vitória (ES)	1.42
2025	4	Despesas pessoais	Grande Vitória (ES)	-0.02
2025	4	Educação	Grande Vitória (ES)	0.05
2025	4	Comunicação	Grande Vitória (ES)	0.33
2025	4	Índice geral	Grande Vitória (ES)	0.33
2025	4	Alimentação e bebidas	Porto Alegre (RS)	1.49
2025	4	Habitação	Porto Alegre (RS)	1.13
2025	4	Artigos de residência	Porto Alegre (RS)	1.13
2025	4	Vestuário	Porto Alegre (RS)	1.11
2025	4	Transportes	Porto Alegre (RS)	0.01
2025	4	Saúde e cuidados pessoais	Porto Alegre (RS)	1.71
2025	4	Despesas pessoais	Porto Alegre (RS)	0.8
2025	4	Educação	Porto Alegre (RS)	0.3
2025	4	Comunicação	Porto Alegre (RS)	0.7
2025	4	Índice geral	Porto Alegre (RS)	0.95
2025	4	Alimentação e bebidas	Recife (PE)	0.64
2025	4	Habitação	Recife (PE)	-0.15
2025	4	Artigos de residência	Recife (PE)	-0.13
2025	4	Vestuário	Recife (PE)	0.22
2025	4	Transportes	Recife (PE)	-0.57
2025	4	Saúde e cuidados pessoais	Recife (PE)	0.66
2025	4	Despesas pessoais	Recife (PE)	0.62
2025	4	Educação	Recife (PE)	0.19
2025	4	Comunicação	Recife (PE)	0.54
2025	4	Índice geral	Recife (PE)	0.22
2025	4	Alimentação e bebidas	Rio Branco (AC)	0.01
2025	4	Habitação	Rio Branco (AC)	0.21
2025	4	Artigos de residência	Rio Branco (AC)	0.31
2025	4	Vestuário	Rio Branco (AC)	0.95
2025	4	Transportes	Rio Branco (AC)	1.01
2025	4	Saúde e cuidados pessoais	Rio Branco (AC)	1.1
2025	4	Despesas pessoais	Rio Branco (AC)	0.15
2025	4	Educação	Rio Branco (AC)	0.04
2025	4	Comunicação	Rio Branco (AC)	1.05
2025	4	Índice geral	Rio Branco (AC)	0.55
2025	4	Alimentação e bebidas	Rio de Janeiro (RJ)	0.45
2025	4	Habitação	Rio de Janeiro (RJ)	-0.17
2025	4	Artigos de residência	Rio de Janeiro (RJ)	0.44
2025	4	Vestuário	Rio de Janeiro (RJ)	0.93
2025	4	Transportes	Rio de Janeiro (RJ)	-0.98
2025	4	Saúde e cuidados pessoais	Rio de Janeiro (RJ)	1.17
2025	4	Despesas pessoais	Rio de Janeiro (RJ)	0.43
2025	4	Educação	Rio de Janeiro (RJ)	0.15
2025	4	Comunicação	Rio de Janeiro (RJ)	0.62
2025	4	Índice geral	Rio de Janeiro (RJ)	0.16
2025	4	Alimentação e bebidas	Salvador (BA)	0.55
2025	4	Habitação	Salvador (BA)	-0.22
2025	4	Artigos de residência	Salvador (BA)	0.59
2025	4	Vestuário	Salvador (BA)	0.01
2025	4	Transportes	Salvador (BA)	-1.27
2025	4	Saúde e cuidados pessoais	Salvador (BA)	1.5
2025	4	Despesas pessoais	Salvador (BA)	0.14
2025	4	Educação	Salvador (BA)	0.06
2025	4	Comunicação	Salvador (BA)	0.74
2025	4	Índice geral	Salvador (BA)	0.16
2025	4	Alimentação e bebidas	São Luís (MA)	0.56
2025	4	Habitação	São Luís (MA)	0.61
2025	4	Artigos de residência	São Luís (MA)	0.5
2025	4	Vestuário	São Luís (MA)	0.55
2025	4	Transportes	São Luís (MA)	-0.57
2025	4	Saúde e cuidados pessoais	São Luís (MA)	1.48
2025	4	Despesas pessoais	São Luís (MA)	0.3
2025	4	Educação	São Luís (MA)	0.08
2025	4	Comunicação	São Luís (MA)	0.89
2025	4	Índice geral	São Luís (MA)	0.45
2025	4	Alimentação e bebidas	São Paulo (SP)	1.09
2025	4	Habitação	São Paulo (SP)	0.09
2025	4	Artigos de residência	São Paulo (SP)	0.47
2025	4	Vestuário	São Paulo (SP)	1.49
2025	4	Transportes	São Paulo (SP)	-0.08
2025	4	Saúde e cuidados pessoais	São Paulo (SP)	0.93
2025	4	Despesas pessoais	São Paulo (SP)	0.54
2025	4	Educação	São Paulo (SP)	-0.03
2025	4	Comunicação	São Paulo (SP)	0.8
2025	4	Índice geral	São Paulo (SP)	0.52
2025	5	Alimentação e bebidas	Aracaju (SE)	0.05
2025	5	Habitação	Aracaju (SE)	1.15
2025	5	Artigos de residência	Aracaju (SE)	0.36
2025	5	Vestuário	Aracaju (SE)	0.16
2025	5	Transportes	Aracaju (SE)	0.13
2025	5	Saúde e cuidados pessoais	Aracaju (SE)	0.24
2025	5	Despesas pessoais	Aracaju (SE)	-0.18
2025	5	Educação	Aracaju (SE)	0.06
2025	5	Comunicação	Aracaju (SE)	0.26
2025	5	Índice geral	Aracaju (SE)	0.24
2025	5	Alimentação e bebidas	Belo Horizonte (MG)	0.26
2025	5	Habitação	Belo Horizonte (MG)	1.51
2025	5	Artigos de residência	Belo Horizonte (MG)	-0.25
2025	5	Vestuário	Belo Horizonte (MG)	0.18
2025	5	Transportes	Belo Horizonte (MG)	-1.06
2025	5	Saúde e cuidados pessoais	Belo Horizonte (MG)	0.27
2025	5	Despesas pessoais	Belo Horizonte (MG)	0.47
2025	5	Educação	Belo Horizonte (MG)	0.18
2025	5	Comunicação	Belo Horizonte (MG)	0.51
2025	5	Índice geral	Belo Horizonte (MG)	0.17
2025	5	Alimentação e bebidas	Belém (PA)	0.63
2025	5	Habitação	Belém (PA)	2.22
2025	5	Artigos de residência	Belém (PA)	-0.42
2025	5	Vestuário	Belém (PA)	-0.23
2025	5	Transportes	Belém (PA)	0.23
2025	5	Saúde e cuidados pessoais	Belém (PA)	0.59
2025	5	Despesas pessoais	Belém (PA)	0.22
2025	5	Educação	Belém (PA)	0.17
2025	5	Comunicação	Belém (PA)	0.67
2025	5	Índice geral	Belém (PA)	0.66
2025	5	Alimentação e bebidas	Brasil	0.17
2025	5	Habitação	Brasil	1.19
2025	5	Artigos de residência	Brasil	-0.27
2025	5	Vestuário	Brasil	0.41
2025	5	Transportes	Brasil	-0.37
2025	5	Saúde e cuidados pessoais	Brasil	0.54
2025	5	Despesas pessoais	Brasil	0.35
2025	5	Educação	Brasil	0.05
2025	5	Comunicação	Brasil	0.07
2025	5	Índice geral	Brasil	0.26
2025	5	Alimentação e bebidas	Brasília (DF)	0.41
2025	5	Habitação	Brasília (DF)	2.34
2025	5	Artigos de residência	Brasília (DF)	-0.62
2025	5	Vestuário	Brasília (DF)	0.88
2025	5	Transportes	Brasília (DF)	1.5
2025	5	Saúde e cuidados pessoais	Brasília (DF)	0.44
2025	5	Despesas pessoais	Brasília (DF)	0.22
2025	5	Educação	Brasília (DF)	0.11
2025	5	Comunicação	Brasília (DF)	-0.26
2025	5	Índice geral	Brasília (DF)	0.82
2025	5	Alimentação e bebidas	Campo Grande (MS)	-0.12
2025	5	Habitação	Campo Grande (MS)	0.83
2025	5	Artigos de residência	Campo Grande (MS)	-0.5
2025	5	Vestuário	Campo Grande (MS)	0.51
2025	5	Transportes	Campo Grande (MS)	0.12
2025	5	Saúde e cuidados pessoais	Campo Grande (MS)	0.15
2025	5	Despesas pessoais	Campo Grande (MS)	-0.14
2025	5	Educação	Campo Grande (MS)	0.02
2025	5	Comunicação	Campo Grande (MS)	-0.02
2025	5	Índice geral	Campo Grande (MS)	0.13
2025	5	Alimentação e bebidas	Curitiba (PR)	0.18
2025	5	Habitação	Curitiba (PR)	1.02
2025	5	Artigos de residência	Curitiba (PR)	-0.15
2025	5	Vestuário	Curitiba (PR)	0.4
2025	5	Transportes	Curitiba (PR)	-0.15
2025	5	Saúde e cuidados pessoais	Curitiba (PR)	0.84
2025	5	Despesas pessoais	Curitiba (PR)	0.34
2025	5	Educação	Curitiba (PR)	0.11
2025	5	Comunicação	Curitiba (PR)	0.3
2025	5	Índice geral	Curitiba (PR)	0.3
2025	5	Alimentação e bebidas	Fortaleza (CE)	0.5
2025	5	Habitação	Fortaleza (CE)	1.93
2025	5	Artigos de residência	Fortaleza (CE)	0.14
2025	5	Vestuário	Fortaleza (CE)	-0.39
2025	5	Transportes	Fortaleza (CE)	0.27
2025	5	Saúde e cuidados pessoais	Fortaleza (CE)	0.4
2025	5	Despesas pessoais	Fortaleza (CE)	0.52
2025	5	Educação	Fortaleza (CE)	0.0
2025	5	Comunicação	Fortaleza (CE)	0.2
2025	5	Índice geral	Fortaleza (CE)	0.57
2025	5	Alimentação e bebidas	Goiânia (GO)	-0.6
2025	5	Habitação	Goiânia (GO)	1.86
2025	5	Artigos de residência	Goiânia (GO)	-1.13
2025	5	Vestuário	Goiânia (GO)	0.16
2025	5	Transportes	Goiânia (GO)	1.61
2025	5	Saúde e cuidados pessoais	Goiânia (GO)	0.32
2025	5	Despesas pessoais	Goiânia (GO)	-0.06
2025	5	Educação	Goiânia (GO)	0.02
2025	5	Comunicação	Goiânia (GO)	-0.24
2025	5	Índice geral	Goiânia (GO)	0.49
2025	5	Alimentação e bebidas	Grande Vitória (ES)	0.5
2025	5	Habitação	Grande Vitória (ES)	0.81
2025	5	Artigos de residência	Grande Vitória (ES)	0.22
2025	5	Vestuário	Grande Vitória (ES)	1.17
2025	5	Transportes	Grande Vitória (ES)	-0.76
2025	5	Saúde e cuidados pessoais	Grande Vitória (ES)	0.38
2025	5	Despesas pessoais	Grande Vitória (ES)	0.2
2025	5	Educação	Grande Vitória (ES)	0.03
2025	5	Comunicação	Grande Vitória (ES)	0.57
2025	5	Índice geral	Grande Vitória (ES)	0.2
2025	5	Alimentação e bebidas	Porto Alegre (RS)	0.19
2025	5	Habitação	Porto Alegre (RS)	1.67
2025	5	Artigos de residência	Porto Alegre (RS)	-0.08
2025	5	Vestuário	Porto Alegre (RS)	0.53
2025	5	Transportes	Porto Alegre (RS)	-1.43
2025	5	Saúde e cuidados pessoais	Porto Alegre (RS)	0.8
2025	5	Despesas pessoais	Porto Alegre (RS)	0.02
2025	5	Educação	Porto Alegre (RS)	0.11
2025	5	Comunicação	Porto Alegre (RS)	0.05
2025	5	Índice geral	Porto Alegre (RS)	0.12
2025	5	Alimentação e bebidas	Recife (PE)	0.81
2025	5	Habitação	Recife (PE)	3.36
2025	5	Artigos de residência	Recife (PE)	-0.56
2025	5	Vestuário	Recife (PE)	0.76
2025	5	Transportes	Recife (PE)	-1.08
2025	5	Saúde e cuidados pessoais	Recife (PE)	0.53
2025	5	Despesas pessoais	Recife (PE)	0.13
2025	5	Educação	Recife (PE)	0.01
2025	5	Comunicação	Recife (PE)	0.13
2025	5	Índice geral	Recife (PE)	0.56
2025	5	Alimentação e bebidas	Rio Branco (AC)	-0.21
2025	5	Habitação	Rio Branco (AC)	0.88
2025	5	Artigos de residência	Rio Branco (AC)	-0.1
2025	5	Vestuário	Rio Branco (AC)	0.21
2025	5	Transportes	Rio Branco (AC)	-0.43
2025	5	Saúde e cuidados pessoais	Rio Branco (AC)	0.14
2025	5	Despesas pessoais	Rio Branco (AC)	0.09
2025	5	Educação	Rio Branco (AC)	-0.01
2025	5	Comunicação	Rio Branco (AC)	0.21
2025	5	Índice geral	Rio Branco (AC)	0.0
2025	5	Alimentação e bebidas	Rio de Janeiro (RJ)	0.15
2025	5	Habitação	Rio de Janeiro (RJ)	1.15
2025	5	Artigos de residência	Rio de Janeiro (RJ)	-0.48
2025	5	Vestuário	Rio de Janeiro (RJ)	0.56
2025	5	Transportes	Rio de Janeiro (RJ)	-0.27
2025	5	Saúde e cuidados pessoais	Rio de Janeiro (RJ)	0.23
2025	5	Despesas pessoais	Rio de Janeiro (RJ)	-0.23
2025	5	Educação	Rio de Janeiro (RJ)	0.12
2025	5	Comunicação	Rio de Janeiro (RJ)	-0.12
2025	5	Índice geral	Rio de Janeiro (RJ)	0.21
2025	5	Alimentação e bebidas	Salvador (BA)	0.33
2025	5	Habitação	Salvador (BA)	1.38
2025	5	Artigos de residência	Salvador (BA)	-0.31
2025	5	Vestuário	Salvador (BA)	-0.06
2025	5	Transportes	Salvador (BA)	-0.13
2025	5	Saúde e cuidados pessoais	Salvador (BA)	0.6
2025	5	Despesas pessoais	Salvador (BA)	0.08
2025	5	Educação	Salvador (BA)	0.06
2025	5	Comunicação	Salvador (BA)	0.44
2025	5	Índice geral	Salvador (BA)	0.35
2025	5	Alimentação e bebidas	São Luís (MA)	-0.02
2025	5	Habitação	São Luís (MA)	2.45
2025	5	Artigos de residência	São Luís (MA)	-0.04
2025	5	Vestuário	São Luís (MA)	0.38
2025	5	Transportes	São Luís (MA)	-0.81
2025	5	Saúde e cuidados pessoais	São Luís (MA)	0.7
2025	5	Despesas pessoais	São Luís (MA)	0.31
2025	5	Educação	São Luís (MA)	0.13
2025	5	Comunicação	São Luís (MA)	0.04
2025	5	Índice geral	São Luís (MA)	0.33
2025	5	Alimentação e bebidas	São Paulo (SP)	0.01
2025	5	Habitação	São Paulo (SP)	0.4
2025	5	Artigos de residência	São Paulo (SP)	-0.19
2025	5	Vestuário	São Paulo (SP)	0.64
2025	5	Transportes	São Paulo (SP)	-0.62
2025	5	Saúde e cuidados pessoais	São Paulo (SP)	0.68
2025	5	Despesas pessoais	São Paulo (SP)	0.73
2025	5	Educação	São Paulo (SP)	-0.03
2025	5	Comunicação	São Paulo (SP)	-0.14
2025	5	Índice geral	São Paulo (SP)	0.12
2025	6	Alimentação e bebidas	Aracaju (SE)	-0.43
2025	6	Habitação	Aracaju (SE)	1.25
2025	6	Artigos de residência	Aracaju (SE)	-0.22
2025	6	Vestuário	Aracaju (SE)	0.98
2025	6	Transportes	Aracaju (SE)	0.54
2025	6	Saúde e cuidados pessoais	Aracaju (SE)	-0.54
2025	6	Despesas pessoais	Aracaju (SE)	0.16
2025	6	Educação	Aracaju (SE)	0.01
2025	6	Comunicação	Aracaju (SE)	0.32
2025	6	Índice geral	Aracaju (SE)	0.14
2025	6	Alimentação e bebidas	Belo Horizonte (MG)	-0.45
2025	6	Habitação	Belo Horizonte (MG)	2.75
2025	6	Artigos de residência	Belo Horizonte (MG)	-0.07
2025	6	Vestuário	Belo Horizonte (MG)	0.44
2025	6	Transportes	Belo Horizonte (MG)	0.77
2025	6	Saúde e cuidados pessoais	Belo Horizonte (MG)	0.33
2025	6	Despesas pessoais	Belo Horizonte (MG)	0.3
2025	6	Educação	Belo Horizonte (MG)	-0.03
2025	6	Comunicação	Belo Horizonte (MG)	0.42
2025	6	Índice geral	Belo Horizonte (MG)	0.53
2025	6	Alimentação e bebidas	Belém (PA)	-0.57
2025	6	Habitação	Belém (PA)	1.01
2025	6	Artigos de residência	Belém (PA)	-0.09
2025	6	Vestuário	Belém (PA)	1.18
2025	6	Transportes	Belém (PA)	0.65
2025	6	Saúde e cuidados pessoais	Belém (PA)	-0.49
2025	6	Despesas pessoais	Belém (PA)	0.51
2025	6	Educação	Belém (PA)	-0.07
2025	6	Comunicação	Belém (PA)	0.0
2025	6	Índice geral	Belém (PA)	0.16
2025	6	Alimentação e bebidas	Brasil	-0.18
2025	6	Habitação	Brasil	0.99
2025	6	Artigos de residência	Brasil	0.08
2025	6	Vestuário	Brasil	0.75
2025	6	Transportes	Brasil	0.27
2025	6	Saúde e cuidados pessoais	Brasil	0.07
2025	6	Despesas pessoais	Brasil	0.23
2025	6	Educação	Brasil	0.0
2025	6	Comunicação	Brasil	0.11
2025	6	Índice geral	Brasil	0.24
2025	6	Alimentação e bebidas	Brasília (DF)	-0.38
2025	6	Habitação	Brasília (DF)	0.75
2025	6	Artigos de residência	Brasília (DF)	-0.03
2025	6	Vestuário	Brasília (DF)	0.24
2025	6	Transportes	Brasília (DF)	0.06
2025	6	Saúde e cuidados pessoais	Brasília (DF)	0.2
2025	6	Despesas pessoais	Brasília (DF)	0.25
2025	6	Educação	Brasília (DF)	-0.02
2025	6	Comunicação	Brasília (DF)	0.13
2025	6	Índice geral	Brasília (DF)	0.12
2025	6	Alimentação e bebidas	Campo Grande (MS)	-0.51
2025	6	Habitação	Campo Grande (MS)	0.98
2025	6	Artigos de residência	Campo Grande (MS)	0.36
2025	6	Vestuário	Campo Grande (MS)	-0.08
2025	6	Transportes	Campo Grande (MS)	-0.25
2025	6	Saúde e cuidados pessoais	Campo Grande (MS)	-0.44
2025	6	Despesas pessoais	Campo Grande (MS)	-0.02
2025	6	Educação	Campo Grande (MS)	0.02
2025	6	Comunicação	Campo Grande (MS)	-0.21
2025	6	Índice geral	Campo Grande (MS)	-0.08
2025	6	Alimentação e bebidas	Curitiba (PR)	-0.28
2025	6	Habitação	Curitiba (PR)	1.39
2025	6	Artigos de residência	Curitiba (PR)	0.38
2025	6	Vestuário	Curitiba (PR)	0.32
2025	6	Transportes	Curitiba (PR)	-0.3
2025	6	Saúde e cuidados pessoais	Curitiba (PR)	-0.09
2025	6	Despesas pessoais	Curitiba (PR)	0.59
2025	6	Educação	Curitiba (PR)	0.01
2025	6	Comunicação	Curitiba (PR)	0.16
2025	6	Índice geral	Curitiba (PR)	0.14
2025	6	Alimentação e bebidas	Fortaleza (CE)	-0.04
2025	6	Habitação	Fortaleza (CE)	0.58
2025	6	Artigos de residência	Fortaleza (CE)	-0.37
2025	6	Vestuário	Fortaleza (CE)	0.52
2025	6	Transportes	Fortaleza (CE)	0.44
2025	6	Saúde e cuidados pessoais	Fortaleza (CE)	1.17
2025	6	Despesas pessoais	Fortaleza (CE)	0.35
2025	6	Educação	Fortaleza (CE)	0.0
2025	6	Comunicação	Fortaleza (CE)	0.25
2025	6	Índice geral	Fortaleza (CE)	0.37
2025	6	Alimentação e bebidas	Goiânia (GO)	-0.26
2025	6	Habitação	Goiânia (GO)	1.22
2025	6	Artigos de residência	Goiânia (GO)	0.32
2025	6	Vestuário	Goiânia (GO)	1.18
2025	6	Transportes	Goiânia (GO)	-0.15
2025	6	Saúde e cuidados pessoais	Goiânia (GO)	-0.02
2025	6	Despesas pessoais	Goiânia (GO)	0.27
2025	6	Educação	Goiânia (GO)	0.02
2025	6	Comunicação	Goiânia (GO)	-0.2
2025	6	Índice geral	Goiânia (GO)	0.16
2025	6	Alimentação e bebidas	Grande Vitória (ES)	0.14
2025	6	Habitação	Grande Vitória (ES)	0.77
2025	6	Artigos de residência	Grande Vitória (ES)	-0.11
2025	6	Vestuário	Grande Vitória (ES)	1.09
2025	6	Transportes	Grande Vitória (ES)	-0.22
2025	6	Saúde e cuidados pessoais	Grande Vitória (ES)	0.15
2025	6	Despesas pessoais	Grande Vitória (ES)	0.98
2025	6	Educação	Grande Vitória (ES)	0.02
2025	6	Comunicação	Grande Vitória (ES)	0.3
2025	6	Índice geral	Grande Vitória (ES)	0.25
2025	6	Alimentação e bebidas	Porto Alegre (RS)	0.13
2025	6	Habitação	Porto Alegre (RS)	1.03
2025	6	Artigos de residência	Porto Alegre (RS)	-0.47
2025	6	Vestuário	Porto Alegre (RS)	0.46
2025	6	Transportes	Porto Alegre (RS)	-0.59
2025	6	Saúde e cuidados pessoais	Porto Alegre (RS)	-0.33
2025	6	Despesas pessoais	Porto Alegre (RS)	0.46
2025	6	Educação	Porto Alegre (RS)	-0.1
2025	6	Comunicação	Porto Alegre (RS)	-0.09
2025	6	Índice geral	Porto Alegre (RS)	0.05
2025	6	Alimentação e bebidas	Recife (PE)	-0.34
2025	6	Habitação	Recife (PE)	0.71
2025	6	Artigos de residência	Recife (PE)	-0.12
2025	6	Vestuário	Recife (PE)	0.32
2025	6	Transportes	Recife (PE)	1.89
2025	6	Saúde e cuidados pessoais	Recife (PE)	-0.37
2025	6	Despesas pessoais	Recife (PE)	0.04
2025	6	Educação	Recife (PE)	-0.01
2025	6	Comunicação	Recife (PE)	-0.07
2025	6	Índice geral	Recife (PE)	0.33
2025	6	Alimentação e bebidas	Rio Branco (AC)	-0.09
2025	6	Habitação	Rio Branco (AC)	2.07
2025	6	Artigos de residência	Rio Branco (AC)	-0.42
2025	6	Vestuário	Rio Branco (AC)	0.21
2025	6	Transportes	Rio Branco (AC)	0.72
2025	6	Saúde e cuidados pessoais	Rio Branco (AC)	-0.16
2025	6	Despesas pessoais	Rio Branco (AC)	3.07
2025	6	Educação	Rio Branco (AC)	0.08
2025	6	Comunicação	Rio Branco (AC)	0.11
2025	6	Índice geral	Rio Branco (AC)	0.64
2025	6	Alimentação e bebidas	Rio de Janeiro (RJ)	-0.74
2025	6	Habitação	Rio de Janeiro (RJ)	0.48
2025	6	Artigos de residência	Rio de Janeiro (RJ)	0.19
2025	6	Vestuário	Rio de Janeiro (RJ)	1.24
2025	6	Transportes	Rio de Janeiro (RJ)	0.26
2025	6	Saúde e cuidados pessoais	Rio de Janeiro (RJ)	0.37
2025	6	Despesas pessoais	Rio de Janeiro (RJ)	-0.12
2025	6	Educação	Rio de Janeiro (RJ)	0.02
2025	6	Comunicação	Rio de Janeiro (RJ)	0.03
2025	6	Índice geral	Rio de Janeiro (RJ)	0.08
2025	6	Alimentação e bebidas	Salvador (BA)	-0.05
2025	6	Habitação	Salvador (BA)	0.38
2025	6	Artigos de residência	Salvador (BA)	-0.86
2025	6	Vestuário	Salvador (BA)	1.46
2025	6	Transportes	Salvador (BA)	1.04
2025	6	Saúde e cuidados pessoais	Salvador (BA)	0.03
2025	6	Despesas pessoais	Salvador (BA)	-0.04
2025	6	Educação	Salvador (BA)	0.07
2025	6	Comunicação	Salvador (BA)	0.2
2025	6	Índice geral	Salvador (BA)	0.29
2025	6	Alimentação e bebidas	São Luís (MA)	-0.48
2025	6	Habitação	São Luís (MA)	1.94
2025	6	Artigos de residência	São Luís (MA)	0.14
2025	6	Vestuário	São Luís (MA)	-0.28
2025	6	Transportes	São Luís (MA)	0.71
2025	6	Saúde e cuidados pessoais	São Luís (MA)	-0.58
2025	6	Despesas pessoais	São Luís (MA)	0.44
2025	6	Educação	São Luís (MA)	-0.03
2025	6	Comunicação	São Luís (MA)	0.04
2025	6	Índice geral	São Luís (MA)	0.22
2025	6	Alimentação e bebidas	São Paulo (SP)	0.1
2025	6	Habitação	São Paulo (SP)	0.74
2025	6	Artigos de residência	São Paulo (SP)	0.49
2025	6	Vestuário	São Paulo (SP)	0.95
2025	6	Transportes	São Paulo (SP)	0.27
2025	6	Saúde e cuidados pessoais	São Paulo (SP)	0.12
2025	6	Despesas pessoais	São Paulo (SP)	0.13
2025	6	Educação	São Paulo (SP)	0.02
2025	6	Comunicação	São Paulo (SP)	0.13
2025	6	Índice geral	São Paulo (SP)	0.29
2025	7	Alimentação e bebidas	Aracaju (SE)	-0.01
2025	7	Habitação	Aracaju (SE)	0.79
2025	7	Artigos de residência	Aracaju (SE)	0.03
2025	7	Vestuário	Aracaju (SE)	-0.72
2025	7	Transportes	Aracaju (SE)	0.01
2025	7	Saúde e cuidados pessoais	Aracaju (SE)	0.49
2025	7	Despesas pessoais	Aracaju (SE)	1.45
2025	7	Educação	Aracaju (SE)	0.2
2025	7	Comunicação	Aracaju (SE)	-0.21
2025	7	Índice geral	Aracaju (SE)	0.28
2025	7	Alimentação e bebidas	Belo Horizonte (MG)	-0.62
2025	7	Habitação	Belo Horizonte (MG)	0.18
2025	7	Artigos de residência	Belo Horizonte (MG)	-0.02
2025	7	Vestuário	Belo Horizonte (MG)	-0.52
2025	7	Transportes	Belo Horizonte (MG)	1.03
2025	7	Saúde e cuidados pessoais	Belo Horizonte (MG)	0.36
2025	7	Despesas pessoais	Belo Horizonte (MG)	1.1
2025	7	Educação	Belo Horizonte (MG)	0.01
2025	7	Comunicação	Belo Horizonte (MG)	-0.18
2025	7	Índice geral	Belo Horizonte (MG)	0.22
2025	7	Alimentação e bebidas	Belém (PA)	-0.81
2025	7	Habitação	Belém (PA)	-1.0
2025	7	Artigos de residência	Belém (PA)	0.06
2025	7	Vestuário	Belém (PA)	-0.19
2025	7	Transportes	Belém (PA)	0.83
2025	7	Saúde e cuidados pessoais	Belém (PA)	0.75
2025	7	Despesas pessoais	Belém (PA)	1.36
2025	7	Educação	Belém (PA)	0.13
2025	7	Comunicação	Belém (PA)	-0.2
2025	7	Índice geral	Belém (PA)	-0.04
2025	7	Alimentação e bebidas	Brasil	-0.27
2025	7	Habitação	Brasil	0.91
2025	7	Artigos de residência	Brasil	0.09
2025	7	Vestuário	Brasil	-0.54
2025	7	Transportes	Brasil	0.35
2025	7	Saúde e cuidados pessoais	Brasil	0.45
2025	7	Despesas pessoais	Brasil	0.76
2025	7	Educação	Brasil	0.02
2025	7	Comunicação	Brasil	-0.09
2025	7	Índice geral	Brasil	0.26
2025	7	Alimentação e bebidas	Brasília (DF)	-0.43
2025	7	Habitação	Brasília (DF)	0.09
2025	7	Artigos de residência	Brasília (DF)	0.38
2025	7	Vestuário	Brasília (DF)	-0.94
2025	7	Transportes	Brasília (DF)	-0.09
2025	7	Saúde e cuidados pessoais	Brasília (DF)	0.39
2025	7	Despesas pessoais	Brasília (DF)	0.65
2025	7	Educação	Brasília (DF)	0.02
2025	7	Comunicação	Brasília (DF)	-0.28
2025	7	Índice geral	Brasília (DF)	0.01
2025	7	Alimentação e bebidas	Campo Grande (MS)	-1.06
2025	7	Habitação	Campo Grande (MS)	-0.48
2025	7	Artigos de residência	Campo Grande (MS)	-0.46
2025	7	Vestuário	Campo Grande (MS)	-0.17
2025	7	Transportes	Campo Grande (MS)	0.15
2025	7	Saúde e cuidados pessoais	Campo Grande (MS)	0.38
2025	7	Despesas pessoais	Campo Grande (MS)	0.81
2025	7	Educação	Campo Grande (MS)	0.02
2025	7	Comunicação	Campo Grande (MS)	-0.23
2025	7	Índice geral	Campo Grande (MS)	-0.19
2025	7	Alimentação e bebidas	Curitiba (PR)	0.39
2025	7	Habitação	Curitiba (PR)	0.47
2025	7	Artigos de residência	Curitiba (PR)	0.67
2025	7	Vestuário	Curitiba (PR)	-0.23
2025	7	Transportes	Curitiba (PR)	0.2
2025	7	Saúde e cuidados pessoais	Curitiba (PR)	0.41
2025	7	Despesas pessoais	Curitiba (PR)	0.83
2025	7	Educação	Curitiba (PR)	-0.03
2025	7	Comunicação	Curitiba (PR)	-0.13
2025	7	Índice geral	Curitiba (PR)	0.33
2025	7	Alimentação e bebidas	Fortaleza (CE)	-0.56
2025	7	Habitação	Fortaleza (CE)	-0.16
2025	7	Artigos de residência	Fortaleza (CE)	0.38
2025	7	Vestuário	Fortaleza (CE)	-0.01
2025	7	Transportes	Fortaleza (CE)	0.14
2025	7	Saúde e cuidados pessoais	Fortaleza (CE)	0.88
2025	7	Despesas pessoais	Fortaleza (CE)	1.42
2025	7	Educação	Fortaleza (CE)	0.06
2025	7	Comunicação	Fortaleza (CE)	0.03
2025	7	Índice geral	Fortaleza (CE)	0.11
2025	7	Alimentação e bebidas	Goiânia (GO)	-0.34
2025	7	Habitação	Goiânia (GO)	-0.2
2025	7	Artigos de residência	Goiânia (GO)	0.09
2025	7	Vestuário	Goiânia (GO)	0.04
2025	7	Transportes	Goiânia (GO)	-1.08
2025	7	Saúde e cuidados pessoais	Goiânia (GO)	0.88
2025	7	Despesas pessoais	Goiânia (GO)	0.9
2025	7	Educação	Goiânia (GO)	0.0
2025	7	Comunicação	Goiânia (GO)	0.04
2025	7	Índice geral	Goiânia (GO)	-0.14
2025	7	Alimentação e bebidas	Grande Vitória (ES)	-0.46
2025	7	Habitação	Grande Vitória (ES)	0.09
2025	7	Artigos de residência	Grande Vitória (ES)	-0.92
2025	7	Vestuário	Grande Vitória (ES)	-0.99
2025	7	Transportes	Grande Vitória (ES)	0.51
2025	7	Saúde e cuidados pessoais	Grande Vitória (ES)	0.38
2025	7	Despesas pessoais	Grande Vitória (ES)	0.72
2025	7	Educação	Grande Vitória (ES)	0.01
2025	7	Comunicação	Grande Vitória (ES)	0.0
2025	7	Índice geral	Grande Vitória (ES)	0.1
2025	7	Alimentação e bebidas	Porto Alegre (RS)	0.22
2025	7	Habitação	Porto Alegre (RS)	0.42
2025	7	Artigos de residência	Porto Alegre (RS)	0.27
2025	7	Vestuário	Porto Alegre (RS)	-0.49
2025	7	Transportes	Porto Alegre (RS)	0.83
2025	7	Saúde e cuidados pessoais	Porto Alegre (RS)	0.32
2025	7	Despesas pessoais	Porto Alegre (RS)	0.97
2025	7	Educação	Porto Alegre (RS)	-0.15
2025	7	Comunicação	Porto Alegre (RS)	0.12
2025	7	Índice geral	Porto Alegre (RS)	0.41
2025	7	Alimentação e bebidas	Recife (PE)	-0.14
2025	7	Habitação	Recife (PE)	0.84
2025	7	Artigos de residência	Recife (PE)	-0.02
2025	7	Vestuário	Recife (PE)	-0.37
2025	7	Transportes	Recife (PE)	0.19
2025	7	Saúde e cuidados pessoais	Recife (PE)	0.86
2025	7	Despesas pessoais	Recife (PE)	1.03
2025	7	Educação	Recife (PE)	0.16
2025	7	Comunicação	Recife (PE)	-0.02
2025	7	Índice geral	Recife (PE)	0.32
2025	7	Alimentação e bebidas	Rio Branco (AC)	-0.37
2025	7	Habitação	Rio Branco (AC)	0.46
2025	7	Artigos de residência	Rio Branco (AC)	-0.18
2025	7	Vestuário	Rio Branco (AC)	-0.91
2025	7	Transportes	Rio Branco (AC)	-0.69
2025	7	Saúde e cuidados pessoais	Rio Branco (AC)	0.97
2025	7	Despesas pessoais	Rio Branco (AC)	0.14
2025	7	Educação	Rio Branco (AC)	-0.11
2025	7	Comunicação	Rio Branco (AC)	-0.42
2025	7	Índice geral	Rio Branco (AC)	-0.15
2025	7	Alimentação e bebidas	Rio de Janeiro (RJ)	-0.18
2025	7	Habitação	Rio de Janeiro (RJ)	0.36
2025	7	Artigos de residência	Rio de Janeiro (RJ)	-0.13
2025	7	Vestuário	Rio de Janeiro (RJ)	-0.75
2025	7	Transportes	Rio de Janeiro (RJ)	0.61
2025	7	Saúde e cuidados pessoais	Rio de Janeiro (RJ)	0.47
2025	7	Despesas pessoais	Rio de Janeiro (RJ)	0.64
2025	7	Educação	Rio de Janeiro (RJ)	0.1
2025	7	Comunicação	Rio de Janeiro (RJ)	-0.01
2025	7	Índice geral	Rio de Janeiro (RJ)	0.24
2025	7	Alimentação e bebidas	Salvador (BA)	-0.56
2025	7	Habitação	Salvador (BA)	0.47
2025	7	Artigos de residência	Salvador (BA)	-0.52
2025	7	Vestuário	Salvador (BA)	-0.71
2025	7	Transportes	Salvador (BA)	-0.44
2025	7	Saúde e cuidados pessoais	Salvador (BA)	0.65
2025	7	Despesas pessoais	Salvador (BA)	1.19
2025	7	Educação	Salvador (BA)	0.08
2025	7	Comunicação	Salvador (BA)	-0.12
2025	7	Índice geral	Salvador (BA)	0.02
2025	7	Alimentação e bebidas	São Luís (MA)	-0.52
2025	7	Habitação	São Luís (MA)	-0.83
2025	7	Artigos de residência	São Luís (MA)	0.85
2025	7	Vestuário	São Luís (MA)	-1.16
2025	7	Transportes	São Luís (MA)	0.51
2025	7	Saúde e cuidados pessoais	São Luís (MA)	0.75
2025	7	Despesas pessoais	São Luís (MA)	1.23
2025	7	Educação	São Luís (MA)	0.08
2025	7	Comunicação	São Luís (MA)	-0.58
2025	7	Índice geral	São Luís (MA)	-0.02
2025	7	Alimentação e bebidas	São Paulo (SP)	-0.23
2025	7	Habitação	São Paulo (SP)	2.3
2025	7	Artigos de residência	São Paulo (SP)	0.09
2025	7	Vestuário	São Paulo (SP)	-0.7
2025	7	Transportes	São Paulo (SP)	0.41
2025	7	Saúde e cuidados pessoais	São Paulo (SP)	0.28
2025	7	Despesas pessoais	São Paulo (SP)	0.4
2025	7	Educação	São Paulo (SP)	0.01
2025	7	Comunicação	São Paulo (SP)	-0.09
2025	7	Índice geral	São Paulo (SP)	0.46
2025	8	Alimentação e bebidas	Aracaju (SE)	-0.73
2025	8	Habitação	Aracaju (SE)	-1.71
2025	8	Artigos de residência	Aracaju (SE)	-0.42
2025	8	Vestuário	Aracaju (SE)	0.71
2025	8	Transportes	Aracaju (SE)	0.24
2025	8	Saúde e cuidados pessoais	Aracaju (SE)	0.1
2025	8	Despesas pessoais	Aracaju (SE)	0.01
2025	8	Educação	Aracaju (SE)	0.73
2025	8	Comunicação	Aracaju (SE)	-0.59
2025	8	Índice geral	Aracaju (SE)	-0.26
2025	8	Alimentação e bebidas	Belo Horizonte (MG)	-0.73
2025	8	Habitação	Belo Horizonte (MG)	-0.67
2025	8	Artigos de residência	Belo Horizonte (MG)	0.27
2025	8	Vestuário	Belo Horizonte (MG)	0.38
2025	8	Transportes	Belo Horizonte (MG)	-0.64
2025	8	Saúde e cuidados pessoais	Belo Horizonte (MG)	0.48
2025	8	Despesas pessoais	Belo Horizonte (MG)	-0.06
2025	8	Educação	Belo Horizonte (MG)	0.74
2025	8	Comunicação	Belo Horizonte (MG)	-0.23
2025	8	Índice geral	Belo Horizonte (MG)	-0.26
2025	8	Alimentação e bebidas	Belém (PA)	-0.76
2025	8	Habitação	Belém (PA)	-0.57
2025	8	Artigos de residência	Belém (PA)	0.39
2025	8	Vestuário	Belém (PA)	0.66
2025	8	Transportes	Belém (PA)	-0.47
2025	8	Saúde e cuidados pessoais	Belém (PA)	1.01
2025	8	Despesas pessoais	Belém (PA)	0.49
2025	8	Educação	Belém (PA)	0.42
2025	8	Comunicação	Belém (PA)	-0.2
2025	8	Índice geral	Belém (PA)	-0.15
2025	8	Alimentação e bebidas	Brasil	-0.46
2025	8	Habitação	Brasil	-0.9
2025	8	Artigos de residência	Brasil	-0.09
2025	8	Vestuário	Brasil	0.72
2025	8	Transportes	Brasil	-0.27
2025	8	Saúde e cuidados pessoais	Brasil	0.54
2025	8	Despesas pessoais	Brasil	0.4
2025	8	Educação	Brasil	0.75
2025	8	Comunicação	Brasil	-0.09
2025	8	Índice geral	Brasil	-0.11
2025	8	Alimentação e bebidas	Brasília (DF)	0.46
2025	8	Habitação	Brasília (DF)	-0.63
2025	8	Artigos de residência	Brasília (DF)	-0.14
2025	8	Vestuário	Brasília (DF)	1.16
2025	8	Transportes	Brasília (DF)	-0.39
2025	8	Saúde e cuidados pessoais	Brasília (DF)	0.55
2025	8	Despesas pessoais	Brasília (DF)	0.89
2025	8	Educação	Brasília (DF)	-0.31
2025	8	Comunicação	Brasília (DF)	-0.15
2025	8	Índice geral	Brasília (DF)	0.11
2025	8	Alimentação e bebidas	Campo Grande (MS)	-0.17
2025	8	Habitação	Campo Grande (MS)	-1.87
2025	8	Artigos de residência	Campo Grande (MS)	0.41
2025	8	Vestuário	Campo Grande (MS)	-0.1
2025	8	Transportes	Campo Grande (MS)	-0.12
2025	8	Saúde e cuidados pessoais	Campo Grande (MS)	0.32
2025	8	Despesas pessoais	Campo Grande (MS)	0.13
2025	8	Educação	Campo Grande (MS)	0.2
2025	8	Comunicação	Campo Grande (MS)	-0.23
2025	8	Índice geral	Campo Grande (MS)	-0.28
2025	8	Alimentação e bebidas	Curitiba (PR)	-0.52
2025	8	Habitação	Curitiba (PR)	-0.68
2025	8	Artigos de residência	Curitiba (PR)	0.46
2025	8	Vestuário	Curitiba (PR)	-0.55
2025	8	Transportes	Curitiba (PR)	0.02
2025	8	Saúde e cuidados pessoais	Curitiba (PR)	0.76
2025	8	Despesas pessoais	Curitiba (PR)	0.39
2025	8	Educação	Curitiba (PR)	0.72
2025	8	Comunicação	Curitiba (PR)	-0.31
2025	8	Índice geral	Curitiba (PR)	-0.07
2025	8	Alimentação e bebidas	Fortaleza (CE)	-0.59
2025	8	Habitação	Fortaleza (CE)	-0.87
2025	8	Artigos de residência	Fortaleza (CE)	0.07
2025	8	Vestuário	Fortaleza (CE)	1.06
2025	8	Transportes	Fortaleza (CE)	0.18
2025	8	Saúde e cuidados pessoais	Fortaleza (CE)	0.21
2025	8	Despesas pessoais	Fortaleza (CE)	0.73
2025	8	Educação	Fortaleza (CE)	0.77
2025	8	Comunicação	Fortaleza (CE)	-0.13
2025	8	Índice geral	Fortaleza (CE)	-0.07
2025	8	Alimentação e bebidas	Goiânia (GO)	-0.66
2025	8	Habitação	Goiânia (GO)	-1.95
2025	8	Artigos de residência	Goiânia (GO)	0.77
2025	8	Vestuário	Goiânia (GO)	2.35
2025	8	Transportes	Goiânia (GO)	-1.04
2025	8	Saúde e cuidados pessoais	Goiânia (GO)	0.3
2025	8	Despesas pessoais	Goiânia (GO)	0.59
2025	8	Educação	Goiânia (GO)	0.22
2025	8	Comunicação	Goiânia (GO)	-0.31
2025	8	Índice geral	Goiânia (GO)	-0.4
2025	8	Alimentação e bebidas	Grande Vitória (ES)	-1.14
2025	8	Habitação	Grande Vitória (ES)	2.72
2025	8	Artigos de residência	Grande Vitória (ES)	-0.02
2025	8	Vestuário	Grande Vitória (ES)	1.16
2025	8	Transportes	Grande Vitória (ES)	-0.32
2025	8	Saúde e cuidados pessoais	Grande Vitória (ES)	0.26
2025	8	Despesas pessoais	Grande Vitória (ES)	-0.27
2025	8	Educação	Grande Vitória (ES)	0.86
2025	8	Comunicação	Grande Vitória (ES)	-0.25
2025	8	Índice geral	Grande Vitória (ES)	0.23
2025	8	Alimentação e bebidas	Porto Alegre (RS)	-0.41
2025	8	Habitação	Porto Alegre (RS)	-2.06
2025	8	Artigos de residência	Porto Alegre (RS)	-0.47
2025	8	Vestuário	Porto Alegre (RS)	0.21
2025	8	Transportes	Porto Alegre (RS)	-0.9
2025	8	Saúde e cuidados pessoais	Porto Alegre (RS)	0.89
2025	8	Despesas pessoais	Porto Alegre (RS)	0.34
2025	8	Educação	Porto Alegre (RS)	0.61
2025	8	Comunicação	Porto Alegre (RS)	-0.08
2025	8	Índice geral	Porto Alegre (RS)	-0.4
2025	8	Alimentação e bebidas	Recife (PE)	-0.53
2025	8	Habitação	Recife (PE)	-0.9
2025	8	Artigos de residência	Recife (PE)	-0.07
2025	8	Vestuário	Recife (PE)	1.61
2025	8	Transportes	Recife (PE)	-1.07
2025	8	Saúde e cuidados pessoais	Recife (PE)	0.66
2025	8	Despesas pessoais	Recife (PE)	0.33
2025	8	Educação	Recife (PE)	0.22
2025	8	Comunicação	Recife (PE)	-0.46
2025	8	Índice geral	Recife (PE)	-0.24
2025	8	Alimentação e bebidas	Rio Branco (AC)	-0.23
2025	8	Habitação	Rio Branco (AC)	-2.58
2025	8	Artigos de residência	Rio Branco (AC)	0.69
2025	8	Vestuário	Rio Branco (AC)	1.74
2025	8	Transportes	Rio Branco (AC)	0.05
2025	8	Saúde e cuidados pessoais	Rio Branco (AC)	0.68
2025	8	Despesas pessoais	Rio Branco (AC)	0.5
2025	8	Educação	Rio Branco (AC)	0.73
2025	8	Comunicação	Rio Branco (AC)	-0.15
2025	8	Índice geral	Rio Branco (AC)	-0.08
2025	8	Alimentação e bebidas	Rio de Janeiro (RJ)	-0.64
2025	8	Habitação	Rio de Janeiro (RJ)	-1.63
2025	8	Artigos de residência	Rio de Janeiro (RJ)	-0.61
2025	8	Vestuário	Rio de Janeiro (RJ)	0.53
2025	8	Transportes	Rio de Janeiro (RJ)	-0.21
2025	8	Saúde e cuidados pessoais	Rio de Janeiro (RJ)	0.47
2025	8	Despesas pessoais	Rio de Janeiro (RJ)	0.37
2025	8	Educação	Rio de Janeiro (RJ)	0.75
2025	8	Comunicação	Rio de Janeiro (RJ)	-0.16
2025	8	Índice geral	Rio de Janeiro (RJ)	-0.34
2025	8	Alimentação e bebidas	Salvador (BA)	-1.11
2025	8	Habitação	Salvador (BA)	-0.84
2025	8	Artigos de residência	Salvador (BA)	-0.97
2025	8	Vestuário	Salvador (BA)	1.09
2025	8	Transportes	Salvador (BA)	0.28
2025	8	Saúde e cuidados pessoais	Salvador (BA)	0.7
2025	8	Despesas pessoais	Salvador (BA)	0.8
2025	8	Educação	Salvador (BA)	0.69
2025	8	Comunicação	Salvador (BA)	-0.12
2025	8	Índice geral	Salvador (BA)	-0.08
2025	8	Alimentação e bebidas	São Luís (MA)	-0.79
2025	8	Habitação	São Luís (MA)	-1.52
2025	8	Artigos de residência	São Luís (MA)	0.39
2025	8	Vestuário	São Luís (MA)	1.6
2025	8	Transportes	São Luís (MA)	0.04
2025	8	Saúde e cuidados pessoais	São Luís (MA)	0.24
2025	8	Despesas pessoais	São Luís (MA)	0.07
2025	8	Educação	São Luís (MA)	0.17
2025	8	Comunicação	São Luís (MA)	-0.63
2025	8	Índice geral	São Luís (MA)	-0.27
2025	8	Alimentação e bebidas	São Paulo (SP)	-0.13
2025	8	Habitação	São Paulo (SP)	-0.55
2025	8	Artigos de residência	São Paulo (SP)	-0.2
2025	8	Vestuário	São Paulo (SP)	0.81
2025	8	Transportes	São Paulo (SP)	-0.02
2025	8	Saúde e cuidados pessoais	São Paulo (SP)	0.45
2025	8	Despesas pessoais	São Paulo (SP)	0.44
2025	8	Educação	São Paulo (SP)	1.11
2025	8	Comunicação	São Paulo (SP)	0.17
2025	8	Índice geral	São Paulo (SP)	0.1
2025	9	Alimentação e bebidas	Aracaju (SE)	-0.3
2025	9	Habitação	Aracaju (SE)	4.09
2025	9	Artigos de residência	Aracaju (SE)	0.0
2025	9	Vestuário	Aracaju (SE)	-0.64
2025	9	Transportes	Aracaju (SE)	-0.04
2025	9	Saúde e cuidados pessoais	Aracaju (SE)	0.38
2025	9	Despesas pessoais	Aracaju (SE)	0.63
2025	9	Educação	Aracaju (SE)	0.0
2025	9	Comunicação	Aracaju (SE)	0.01
2025	9	Índice geral	Aracaju (SE)	0.52
2025	9	Alimentação e bebidas	Belo Horizonte (MG)	0.03
2025	9	Habitação	Belo Horizonte (MG)	2.69
2025	9	Artigos de residência	Belo Horizonte (MG)	-1.08
2025	9	Vestuário	Belo Horizonte (MG)	0.76
2025	9	Transportes	Belo Horizonte (MG)	-0.44
2025	9	Saúde e cuidados pessoais	Belo Horizonte (MG)	-0.08
2025	9	Despesas pessoais	Belo Horizonte (MG)	0.51
2025	9	Educação	Belo Horizonte (MG)	0.03
2025	9	Comunicação	Belo Horizonte (MG)	-0.26
2025	9	Índice geral	Belo Horizonte (MG)	0.31
2025	9	Alimentação e bebidas	Belém (PA)	-0.34
2025	9	Habitação	Belém (PA)	3.31
2025	9	Artigos de residência	Belém (PA)	-1.51
2025	9	Vestuário	Belém (PA)	-0.49
2025	9	Transportes	Belém (PA)	-0.16
2025	9	Saúde e cuidados pessoais	Belém (PA)	-0.7
2025	9	Despesas pessoais	Belém (PA)	0.78
2025	9	Educação	Belém (PA)	0.11
2025	9	Comunicação	Belém (PA)	-0.1
2025	9	Índice geral	Belém (PA)	0.27
2025	9	Alimentação e bebidas	Brasil	-0.26
2025	9	Habitação	Brasil	2.97
2025	9	Artigos de residência	Brasil	-0.4
2025	9	Vestuário	Brasil	0.63
2025	9	Transportes	Brasil	0.01
2025	9	Saúde e cuidados pessoais	Brasil	0.17
2025	9	Despesas pessoais	Brasil	0.51
2025	9	Educação	Brasil	0.07
2025	9	Comunicação	Brasil	-0.17
2025	9	Índice geral	Brasil	0.48
2025	9	Alimentação e bebidas	Brasília (DF)	-0.08
2025	9	Habitação	Brasília (DF)	2.29
2025	9	Artigos de residência	Brasília (DF)	1.03
2025	9	Vestuário	Brasília (DF)	1.42
2025	9	Transportes	Brasília (DF)	-0.63
2025	9	Saúde e cuidados pessoais	Brasília (DF)	0.36
2025	9	Despesas pessoais	Brasília (DF)	0.82
2025	9	Educação	Brasília (DF)	0.13
2025	9	Comunicação	Brasília (DF)	0.13
2025	9	Índice geral	Brasília (DF)	0.41
2025	9	Alimentação e bebidas	Campo Grande (MS)	-0.53
2025	9	Habitação	Campo Grande (MS)	3.1
2025	9	Artigos de residência	Campo Grande (MS)	-0.48
2025	9	Vestuário	Campo Grande (MS)	0.75
2025	9	Transportes	Campo Grande (MS)	0.26
2025	9	Saúde e cuidados pessoais	Campo Grande (MS)	0.63
2025	9	Despesas pessoais	Campo Grande (MS)	0.42
2025	9	Educação	Campo Grande (MS)	0.08
2025	9	Comunicação	Campo Grande (MS)	-0.05
2025	9	Índice geral	Campo Grande (MS)	0.55
2025	9	Alimentação e bebidas	Curitiba (PR)	-0.51
2025	9	Habitação	Curitiba (PR)	2.97
2025	9	Artigos de residência	Curitiba (PR)	-0.22
2025	9	Vestuário	Curitiba (PR)	1.26
2025	9	Transportes	Curitiba (PR)	-0.21
2025	9	Saúde e cuidados pessoais	Curitiba (PR)	0.37
2025	9	Despesas pessoais	Curitiba (PR)	0.27
2025	9	Educação	Curitiba (PR)	0.12
2025	9	Comunicação	Curitiba (PR)	-0.15
2025	9	Índice geral	Curitiba (PR)	0.37
2025	9	Alimentação e bebidas	Fortaleza (CE)	-0.3
2025	9	Habitação	Fortaleza (CE)	2.98
2025	9	Artigos de residência	Fortaleza (CE)	-0.81
2025	9	Vestuário	Fortaleza (CE)	1.15
2025	9	Transportes	Fortaleza (CE)	-0.36
2025	9	Saúde e cuidados pessoais	Fortaleza (CE)	0.09
2025	9	Despesas pessoais	Fortaleza (CE)	0.29
2025	9	Educação	Fortaleza (CE)	-0.04
2025	9	Comunicação	Fortaleza (CE)	-0.33
2025	9	Índice geral	Fortaleza (CE)	0.38
2025	9	Alimentação e bebidas	Goiânia (GO)	-0.25
2025	9	Habitação	Goiânia (GO)	3.67
2025	9	Artigos de residência	Goiânia (GO)	-0.93
2025	9	Vestuário	Goiânia (GO)	0.76
2025	9	Transportes	Goiânia (GO)	1.09
2025	9	Saúde e cuidados pessoais	Goiânia (GO)	0.06
2025	9	Despesas pessoais	Goiânia (GO)	0.5
2025	9	Educação	Goiânia (GO)	0.01
2025	9	Comunicação	Goiânia (GO)	-0.09
2025	9	Índice geral	Goiânia (GO)	0.75
2025	9	Alimentação e bebidas	Grande Vitória (ES)	-0.49
2025	9	Habitação	Grande Vitória (ES)	4.13
2025	9	Artigos de residência	Grande Vitória (ES)	-0.27
2025	9	Vestuário	Grande Vitória (ES)	1.05
2025	9	Transportes	Grande Vitória (ES)	0.28
2025	9	Saúde e cuidados pessoais	Grande Vitória (ES)	0.24
2025	9	Despesas pessoais	Grande Vitória (ES)	0.83
2025	9	Educação	Grande Vitória (ES)	-0.02
2025	9	Comunicação	Grande Vitória (ES)	-0.11
2025	9	Índice geral	Grande Vitória (ES)	0.76
2025	9	Alimentação e bebidas	Porto Alegre (RS)	-0.44
2025	9	Habitação	Porto Alegre (RS)	3.33
2025	9	Artigos de residência	Porto Alegre (RS)	-0.81
2025	9	Vestuário	Porto Alegre (RS)	0.24
2025	9	Transportes	Porto Alegre (RS)	0.6
2025	9	Saúde e cuidados pessoais	Porto Alegre (RS)	0.07
2025	9	Despesas pessoais	Porto Alegre (RS)	0.1
2025	9	Educação	Porto Alegre (RS)	0.24
2025	9	Comunicação	Porto Alegre (RS)	-0.15
2025	9	Índice geral	Porto Alegre (RS)	0.5
2025	9	Alimentação e bebidas	Recife (PE)	-0.36
2025	9	Habitação	Recife (PE)	2.65
2025	9	Artigos de residência	Recife (PE)	0.0
2025	9	Vestuário	Recife (PE)	1.0
2025	9	Transportes	Recife (PE)	0.61
2025	9	Saúde e cuidados pessoais	Recife (PE)	0.22
2025	9	Despesas pessoais	Recife (PE)	0.78
2025	9	Educação	Recife (PE)	0.04
2025	9	Comunicação	Recife (PE)	0.17
2025	9	Índice geral	Recife (PE)	0.56
2025	9	Alimentação e bebidas	Rio Branco (AC)	-0.3
2025	9	Habitação	Rio Branco (AC)	3.81
2025	9	Artigos de residência	Rio Branco (AC)	0.58
2025	9	Vestuário	Rio Branco (AC)	0.59
2025	9	Transportes	Rio Branco (AC)	0.13
2025	9	Saúde e cuidados pessoais	Rio Branco (AC)	-0.61
2025	9	Despesas pessoais	Rio Branco (AC)	0.4
2025	9	Educação	Rio Branco (AC)	0.24
2025	9	Comunicação	Rio Branco (AC)	-0.08
2025	9	Índice geral	Rio Branco (AC)	0.46
2025	9	Alimentação e bebidas	Rio de Janeiro (RJ)	-0.66
2025	9	Habitação	Rio de Janeiro (RJ)	3.41
2025	9	Artigos de residência	Rio de Janeiro (RJ)	-0.17
2025	9	Vestuário	Rio de Janeiro (RJ)	0.71
2025	9	Transportes	Rio de Janeiro (RJ)	-0.31
2025	9	Saúde e cuidados pessoais	Rio de Janeiro (RJ)	0.09
2025	9	Despesas pessoais	Rio de Janeiro (RJ)	0.45
2025	9	Educação	Rio de Janeiro (RJ)	0.01
2025	9	Comunicação	Rio de Janeiro (RJ)	-0.33
2025	9	Índice geral	Rio de Janeiro (RJ)	0.48
2025	9	Alimentação e bebidas	Salvador (BA)	-0.56
2025	9	Habitação	Salvador (BA)	2.15
2025	9	Artigos de residência	Salvador (BA)	-0.61
2025	9	Vestuário	Salvador (BA)	1.17
2025	9	Transportes	Salvador (BA)	-0.32
2025	9	Saúde e cuidados pessoais	Salvador (BA)	-0.01
2025	9	Despesas pessoais	Salvador (BA)	0.19
2025	9	Educação	Salvador (BA)	0.07
2025	9	Comunicação	Salvador (BA)	-0.32
2025	9	Índice geral	Salvador (BA)	0.17
2025	9	Alimentação e bebidas	São Luís (MA)	-1.06
2025	9	Habitação	São Luís (MA)	9.37
2025	9	Artigos de residência	São Luís (MA)	-0.1
2025	9	Vestuário	São Luís (MA)	-0.33
2025	9	Transportes	São Luís (MA)	-0.49
2025	9	Saúde e cuidados pessoais	São Luís (MA)	0.6
2025	9	Despesas pessoais	São Luís (MA)	0.48
2025	9	Educação	São Luís (MA)	0.06
2025	9	Comunicação	São Luís (MA)	-0.52
2025	9	Índice geral	São Luís (MA)	1.02
2025	9	Alimentação e bebidas	São Paulo (SP)	0.03
2025	9	Habitação	São Paulo (SP)	2.55
2025	9	Artigos de residência	São Paulo (SP)	-0.11
2025	9	Vestuário	São Paulo (SP)	0.42
2025	9	Transportes	São Paulo (SP)	0.11
2025	9	Saúde e cuidados pessoais	São Paulo (SP)	0.34
2025	9	Despesas pessoais	São Paulo (SP)	0.64
2025	9	Educação	São Paulo (SP)	0.06
2025	9	Comunicação	São Paulo (SP)	-0.14
2025	9	Índice geral	São Paulo (SP)	0.57
2025	10	Alimentação e bebidas	Aracaju (SE)	-0.26
2025	10	Habitação	Aracaju (SE)	-0.54
2025	10	Artigos de residência	Aracaju (SE)	-0.02
2025	10	Vestuário	Aracaju (SE)	0.96
2025	10	Transportes	Aracaju (SE)	0.78
2025	10	Saúde e cuidados pessoais	Aracaju (SE)	0.65
2025	10	Despesas pessoais	Aracaju (SE)	0.24
2025	10	Educação	Aracaju (SE)	0.03
2025	10	Comunicação	Aracaju (SE)	-0.27
2025	10	Índice geral	Aracaju (SE)	0.2
2025	10	Alimentação e bebidas	Belo Horizonte (MG)	0.16
2025	10	Habitação	Belo Horizonte (MG)	-0.57
2025	10	Artigos de residência	Belo Horizonte (MG)	0.02
2025	10	Vestuário	Belo Horizonte (MG)	-0.06
2025	10	Transportes	Belo Horizonte (MG)	-0.85
2025	10	Saúde e cuidados pessoais	Belo Horizonte (MG)	0.52
2025	10	Despesas pessoais	Belo Horizonte (MG)	-0.04
2025	10	Educação	Belo Horizonte (MG)	0.16
2025	10	Comunicação	Belo Horizonte (MG)	-0.34
2025	10	Índice geral	Belo Horizonte (MG)	-0.15
2025	10	Alimentação e bebidas	Belém (PA)	0.04
2025	10	Habitação	Belém (PA)	0.14
2025	10	Artigos de residência	Belém (PA)	0.95
2025	10	Vestuário	Belém (PA)	0.38
2025	10	Transportes	Belém (PA)	0.17
2025	10	Saúde e cuidados pessoais	Belém (PA)	1.15
2025	10	Despesas pessoais	Belém (PA)	0.01
2025	10	Educação	Belém (PA)	0.0
2025	10	Comunicação	Belém (PA)	-0.44
2025	10	Índice geral	Belém (PA)	0.26
2025	10	Alimentação e bebidas	Brasil	0.01
2025	10	Habitação	Brasil	-0.3
2025	10	Artigos de residência	Brasil	-0.34
2025	10	Vestuário	Brasil	0.51
2025	10	Transportes	Brasil	0.11
2025	10	Saúde e cuidados pessoais	Brasil	0.41
2025	10	Despesas pessoais	Brasil	0.45
2025	10	Educação	Brasil	0.06
2025	10	Comunicação	Brasil	-0.16
2025	10	Índice geral	Brasil	0.09
2025	10	Alimentação e bebidas	Brasília (DF)	-0.14
2025	10	Habitação	Brasília (DF)	0.33
2025	10	Artigos de residência	Brasília (DF)	-0.19
2025	10	Vestuário	Brasília (DF)	0.6
2025	10	Transportes	Brasília (DF)	-0.31
2025	10	Saúde e cuidados pessoais	Brasília (DF)	0.19
2025	10	Despesas pessoais	Brasília (DF)	0.55
2025	10	Educação	Brasília (DF)	0.12
2025	10	Comunicação	Brasília (DF)	-0.22
2025	10	Índice geral	Brasília (DF)	0.06
2025	10	Alimentação e bebidas	Campo Grande (MS)	-0.17
2025	10	Habitação	Campo Grande (MS)	-0.16
2025	10	Artigos de residência	Campo Grande (MS)	0.19
2025	10	Vestuário	Campo Grande (MS)	1.5
2025	10	Transportes	Campo Grande (MS)	-0.59
2025	10	Saúde e cuidados pessoais	Campo Grande (MS)	-0.11
2025	10	Despesas pessoais	Campo Grande (MS)	0.52
2025	10	Educação	Campo Grande (MS)	0.12
2025	10	Comunicação	Campo Grande (MS)	-0.33
2025	10	Índice geral	Campo Grande (MS)	-0.08
2025	10	Alimentação e bebidas	Curitiba (PR)	0.35
2025	10	Habitação	Curitiba (PR)	-0.87
2025	10	Artigos de residência	Curitiba (PR)	0.21
2025	10	Vestuário	Curitiba (PR)	0.61
2025	10	Transportes	Curitiba (PR)	-0.17
2025	10	Saúde e cuidados pessoais	Curitiba (PR)	0.08
2025	10	Despesas pessoais	Curitiba (PR)	0.41
2025	10	Educação	Curitiba (PR)	0.05
2025	10	Comunicação	Curitiba (PR)	-0.24
2025	10	Índice geral	Curitiba (PR)	-0.02
2025	10	Alimentação e bebidas	Fortaleza (CE)	0.14
2025	10	Habitação	Fortaleza (CE)	-0.7
2025	10	Artigos de residência	Fortaleza (CE)	0.38
2025	10	Vestuário	Fortaleza (CE)	0.54
2025	10	Transportes	Fortaleza (CE)	-0.27
2025	10	Saúde e cuidados pessoais	Fortaleza (CE)	0.51
2025	10	Despesas pessoais	Fortaleza (CE)	0.01
2025	10	Educação	Fortaleza (CE)	0.01
2025	10	Comunicação	Fortaleza (CE)	-0.13
2025	10	Índice geral	Fortaleza (CE)	-0.02
2025	10	Alimentação e bebidas	Goiânia (GO)	0.34
2025	10	Habitação	Goiânia (GO)	2.36
2025	10	Artigos de residência	Goiânia (GO)	-0.11
2025	10	Vestuário	Goiânia (GO)	-0.19
2025	10	Transportes	Goiânia (GO)	2.11
2025	10	Saúde e cuidados pessoais	Goiânia (GO)	0.25
2025	10	Despesas pessoais	Goiânia (GO)	0.45
2025	10	Educação	Goiânia (GO)	0.06
2025	10	Comunicação	Goiânia (GO)	-0.09
2025	10	Índice geral	Goiânia (GO)	0.96
2025	10	Alimentação e bebidas	Grande Vitória (ES)	0.51
2025	10	Habitação	Grande Vitória (ES)	-0.17
2025	10	Artigos de residência	Grande Vitória (ES)	-0.11
2025	10	Vestuário	Grande Vitória (ES)	1.4
2025	10	Transportes	Grande Vitória (ES)	0.24
2025	10	Saúde e cuidados pessoais	Grande Vitória (ES)	0.43
2025	10	Despesas pessoais	Grande Vitória (ES)	0.84
2025	10	Educação	Grande Vitória (ES)	0.0
2025	10	Comunicação	Grande Vitória (ES)	-0.02
2025	10	Índice geral	Grande Vitória (ES)	0.31
2025	10	Alimentação e bebidas	Porto Alegre (RS)	-0.11
2025	10	Habitação	Porto Alegre (RS)	-0.2
2025	10	Artigos de residência	Porto Alegre (RS)	-0.71
2025	10	Vestuário	Porto Alegre (RS)	0.82
2025	10	Transportes	Porto Alegre (RS)	1.01
2025	10	Saúde e cuidados pessoais	Porto Alegre (RS)	0.63
2025	10	Despesas pessoais	Porto Alegre (RS)	0.81
2025	10	Educação	Porto Alegre (RS)	-0.07
2025	10	Comunicação	Porto Alegre (RS)	-0.1
2025	10	Índice geral	Porto Alegre (RS)	0.33
2025	10	Alimentação e bebidas	Recife (PE)	0.01
2025	10	Habitação	Recife (PE)	-0.4
2025	10	Artigos de residência	Recife (PE)	-0.69
2025	10	Vestuário	Recife (PE)	0.7
2025	10	Transportes	Recife (PE)	0.86
2025	10	Saúde e cuidados pessoais	Recife (PE)	0.47
2025	10	Despesas pessoais	Recife (PE)	-0.11
2025	10	Educação	Recife (PE)	0.03
2025	10	Comunicação	Recife (PE)	-0.49
2025	10	Índice geral	Recife (PE)	0.17
2025	10	Alimentação e bebidas	Rio Branco (AC)	0.44
2025	10	Habitação	Rio Branco (AC)	-1.55
2025	10	Artigos de residência	Rio Branco (AC)	0.19
2025	10	Vestuário	Rio Branco (AC)	0.88
2025	10	Transportes	Rio Branco (AC)	-0.3
2025	10	Saúde e cuidados pessoais	Rio Branco (AC)	0.57
2025	10	Despesas pessoais	Rio Branco (AC)	1.53
2025	10	Educação	Rio Branco (AC)	-0.04
2025	10	Comunicação	Rio Branco (AC)	-0.03
2025	10	Índice geral	Rio Branco (AC)	0.1
2025	10	Alimentação e bebidas	Rio de Janeiro (RJ)	0.0
2025	10	Habitação	Rio de Janeiro (RJ)	-1.13
2025	10	Artigos de residência	Rio de Janeiro (RJ)	-0.69
2025	10	Vestuário	Rio de Janeiro (RJ)	0.49
2025	10	Transportes	Rio de Janeiro (RJ)	0.24
2025	10	Saúde e cuidados pessoais	Rio de Janeiro (RJ)	0.52
2025	10	Despesas pessoais	Rio de Janeiro (RJ)	0.42
2025	10	Educação	Rio de Janeiro (RJ)	0.02
2025	10	Comunicação	Rio de Janeiro (RJ)	-0.08
2025	10	Índice geral	Rio de Janeiro (RJ)	-0.06
2025	10	Alimentação e bebidas	Salvador (BA)	-0.47
2025	10	Habitação	Salvador (BA)	-0.32
2025	10	Artigos de residência	Salvador (BA)	-0.23
2025	10	Vestuário	Salvador (BA)	0.64
2025	10	Transportes	Salvador (BA)	0.49
2025	10	Saúde e cuidados pessoais	Salvador (BA)	0.27
2025	10	Despesas pessoais	Salvador (BA)	0.52
2025	10	Educação	Salvador (BA)	0.07
2025	10	Comunicação	Salvador (BA)	-0.18
2025	10	Índice geral	Salvador (BA)	0.06
2025	10	Alimentação e bebidas	São Luís (MA)	-0.23
2025	10	Habitação	São Luís (MA)	-0.26
2025	10	Artigos de residência	São Luís (MA)	-0.88
2025	10	Vestuário	São Luís (MA)	0.57
2025	10	Transportes	São Luís (MA)	-0.36
2025	10	Saúde e cuidados pessoais	São Luís (MA)	0.1
2025	10	Despesas pessoais	São Luís (MA)	0.11
2025	10	Educação	São Luís (MA)	0.0
2025	10	Comunicação	São Luís (MA)	-0.22
2025	10	Índice geral	São Luís (MA)	-0.15
2025	10	Alimentação e bebidas	São Paulo (SP)	-0.03
2025	10	Habitação	São Paulo (SP)	-0.21
2025	10	Artigos de residência	São Paulo (SP)	-0.73
2025	10	Vestuário	São Paulo (SP)	0.5
2025	10	Transportes	São Paulo (SP)	-0.13
2025	10	Saúde e cuidados pessoais	São Paulo (SP)	0.34
2025	10	Despesas pessoais	São Paulo (SP)	0.6
2025	10	Educação	São Paulo (SP)	0.07
2025	10	Comunicação	São Paulo (SP)	-0.07
2025	10	Índice geral	São Paulo (SP)	0.04
2025	11	Alimentação e bebidas	Aracaju (SE)	-0.21
2025	11	Habitação	Aracaju (SE)	0.34
2025	11	Artigos de residência	Aracaju (SE)	-0.63
2025	11	Vestuário	Aracaju (SE)	0.5
2025	11	Transportes	Aracaju (SE)	-0.83
2025	11	Saúde e cuidados pessoais	Aracaju (SE)	0.27
2025	11	Despesas pessoais	Aracaju (SE)	0.37
2025	11	Educação	Aracaju (SE)	-0.06
2025	11	Comunicação	Aracaju (SE)	-0.68
2025	11	Índice geral	Aracaju (SE)	-0.1
2025	11	Alimentação e bebidas	Belo Horizonte (MG)	-0.15
2025	11	Habitação	Belo Horizonte (MG)	0.1
2025	11	Artigos de residência	Belo Horizonte (MG)	-1.73
2025	11	Vestuário	Belo Horizonte (MG)	0.43
2025	11	Transportes	Belo Horizonte (MG)	0.45
2025	11	Saúde e cuidados pessoais	Belo Horizonte (MG)	0.12
2025	11	Despesas pessoais	Belo Horizonte (MG)	0.15
2025	11	Educação	Belo Horizonte (MG)	-0.03
2025	11	Comunicação	Belo Horizonte (MG)	-0.37
2025	11	Índice geral	Belo Horizonte (MG)	0.04
2025	11	Alimentação e bebidas	Belém (PA)	-0.27
2025	11	Habitação	Belém (PA)	0.11
2025	11	Artigos de residência	Belém (PA)	-1.82
2025	11	Vestuário	Belém (PA)	-0.2
2025	11	Transportes	Belém (PA)	0.46
2025	11	Saúde e cuidados pessoais	Belém (PA)	-1.37
2025	11	Despesas pessoais	Belém (PA)	4.51
2025	11	Educação	Belém (PA)	0.14
2025	11	Comunicação	Belém (PA)	-0.32
2025	11	Índice geral	Belém (PA)	0.11
2025	11	Alimentação e bebidas	Brasil	-0.01
2025	11	Habitação	Brasil	0.52
2025	11	Artigos de residência	Brasil	-1.0
2025	11	Vestuário	Brasil	0.49
2025	11	Transportes	Brasil	0.22
2025	11	Saúde e cuidados pessoais	Brasil	-0.04
2025	11	Despesas pessoais	Brasil	0.77
2025	11	Educação	Brasil	0.01
2025	11	Comunicação	Brasil	-0.2
2025	11	Índice geral	Brasil	0.18
2025	11	Alimentação e bebidas	Brasília (DF)	0.23
2025	11	Habitação	Brasília (DF)	1.72
2025	11	Artigos de residência	Brasília (DF)	-1.27
2025	11	Vestuário	Brasília (DF)	-0.14
2025	11	Transportes	Brasília (DF)	0.07
2025	11	Saúde e cuidados pessoais	Brasília (DF)	-0.07
2025	11	Despesas pessoais	Brasília (DF)	0.5
2025	11	Educação	Brasília (DF)	0.07
2025	11	Comunicação	Brasília (DF)	-0.31
2025	11	Índice geral	Brasília (DF)	0.28
2025	11	Alimentação e bebidas	Campo Grande (MS)	0.14
2025	11	Habitação	Campo Grande (MS)	0.65
2025	11	Artigos de residência	Campo Grande (MS)	-0.76
2025	11	Vestuário	Campo Grande (MS)	-0.48
2025	11	Transportes	Campo Grande (MS)	0.83
2025	11	Saúde e cuidados pessoais	Campo Grande (MS)	-0.46
2025	11	Despesas pessoais	Campo Grande (MS)	0.55
2025	11	Educação	Campo Grande (MS)	-0.04
2025	11	Comunicação	Campo Grande (MS)	-0.33
2025	11	Índice geral	Campo Grande (MS)	0.23
2025	11	Alimentação e bebidas	Curitiba (PR)	0.02
2025	11	Habitação	Curitiba (PR)	0.18
2025	11	Artigos de residência	Curitiba (PR)	-0.57
2025	11	Vestuário	Curitiba (PR)	0.7
2025	11	Transportes	Curitiba (PR)	0.22
2025	11	Saúde e cuidados pessoais	Curitiba (PR)	0.0
2025	11	Despesas pessoais	Curitiba (PR)	0.73
2025	11	Educação	Curitiba (PR)	0.01
2025	11	Comunicação	Curitiba (PR)	-0.25
2025	11	Índice geral	Curitiba (PR)	0.16
2025	11	Alimentação e bebidas	Fortaleza (CE)	0.02
2025	11	Habitação	Fortaleza (CE)	1.82
2025	11	Artigos de residência	Fortaleza (CE)	-0.74
2025	11	Vestuário	Fortaleza (CE)	0.3
2025	11	Transportes	Fortaleza (CE)	0.0
2025	11	Saúde e cuidados pessoais	Fortaleza (CE)	0.51
2025	11	Despesas pessoais	Fortaleza (CE)	0.84
2025	11	Educação	Fortaleza (CE)	0.01
2025	11	Comunicação	Fortaleza (CE)	-0.2
2025	11	Índice geral	Fortaleza (CE)	0.42
2025	11	Alimentação e bebidas	Goiânia (GO)	0.03
2025	11	Habitação	Goiânia (GO)	4.2
2025	11	Artigos de residência	Goiânia (GO)	-1.27
2025	11	Vestuário	Goiânia (GO)	1.57
2025	11	Transportes	Goiânia (GO)	-0.67
2025	11	Saúde e cuidados pessoais	Goiânia (GO)	-0.68
2025	11	Despesas pessoais	Goiânia (GO)	0.76
2025	11	Educação	Goiânia (GO)	-0.01
2025	11	Comunicação	Goiânia (GO)	-0.28
2025	11	Índice geral	Goiânia (GO)	0.44
2025	11	Alimentação e bebidas	Grande Vitória (ES)	-0.56
2025	11	Habitação	Grande Vitória (ES)	-0.08
2025	11	Artigos de residência	Grande Vitória (ES)	-1.75
2025	11	Vestuário	Grande Vitória (ES)	0.03
2025	11	Transportes	Grande Vitória (ES)	0.69
2025	11	Saúde e cuidados pessoais	Grande Vitória (ES)	0.32
2025	11	Despesas pessoais	Grande Vitória (ES)	0.79
2025	11	Educação	Grande Vitória (ES)	-0.05
2025	11	Comunicação	Grande Vitória (ES)	-0.32
2025	11	Índice geral	Grande Vitória (ES)	0.09
2025	11	Alimentação e bebidas	Porto Alegre (RS)	-0.59
2025	11	Habitação	Porto Alegre (RS)	1.05
2025	11	Artigos de residência	Porto Alegre (RS)	-0.5
2025	11	Vestuário	Porto Alegre (RS)	0.56
2025	11	Transportes	Porto Alegre (RS)	0.21
2025	11	Saúde e cuidados pessoais	Porto Alegre (RS)	-0.27
2025	11	Despesas pessoais	Porto Alegre (RS)	0.41
2025	11	Educação	Porto Alegre (RS)	0.1
2025	11	Comunicação	Porto Alegre (RS)	0.05
2025	11	Índice geral	Porto Alegre (RS)	0.09
2025	11	Alimentação e bebidas	Recife (PE)	0.23
2025	11	Habitação	Recife (PE)	0.15
2025	11	Artigos de residência	Recife (PE)	-0.34
2025	11	Vestuário	Recife (PE)	0.21
2025	11	Transportes	Recife (PE)	-0.6
2025	11	Saúde e cuidados pessoais	Recife (PE)	-0.45
2025	11	Despesas pessoais	Recife (PE)	0.3
2025	11	Educação	Recife (PE)	0.06
2025	11	Comunicação	Recife (PE)	0.12
2025	11	Índice geral	Recife (PE)	-0.08
2025	11	Alimentação e bebidas	Rio Branco (AC)	0.0
2025	11	Habitação	Rio Branco (AC)	0.57
2025	11	Artigos de residência	Rio Branco (AC)	-0.5
2025	11	Vestuário	Rio Branco (AC)	-0.81
2025	11	Transportes	Rio Branco (AC)	0.75
2025	11	Saúde e cuidados pessoais	Rio Branco (AC)	-0.29
2025	11	Despesas pessoais	Rio Branco (AC)	0.27
2025	11	Educação	Rio Branco (AC)	0.43
2025	11	Comunicação	Rio Branco (AC)	-0.37
2025	11	Índice geral	Rio Branco (AC)	0.15
2025	11	Alimentação e bebidas	Rio de Janeiro (RJ)	-0.17
2025	11	Habitação	Rio de Janeiro (RJ)	0.22
2025	11	Artigos de residência	Rio de Janeiro (RJ)	-1.58
2025	11	Vestuário	Rio de Janeiro (RJ)	0.06
2025	11	Transportes	Rio de Janeiro (RJ)	0.66
2025	11	Saúde e cuidados pessoais	Rio de Janeiro (RJ)	-0.07
2025	11	Despesas pessoais	Rio de Janeiro (RJ)	0.64
2025	11	Educação	Rio de Janeiro (RJ)	-0.06
2025	11	Comunicação	Rio de Janeiro (RJ)	-0.34
2025	11	Índice geral	Rio de Janeiro (RJ)	0.12
2025	11	Alimentação e bebidas	Salvador (BA)	0.31
2025	11	Habitação	Salvador (BA)	-0.15
2025	11	Artigos de residência	Salvador (BA)	-1.69
2025	11	Vestuário	Salvador (BA)	0.53
2025	11	Transportes	Salvador (BA)	-0.55
2025	11	Saúde e cuidados pessoais	Salvador (BA)	0.2
2025	11	Despesas pessoais	Salvador (BA)	0.77
2025	11	Educação	Salvador (BA)	-0.04
2025	11	Comunicação	Salvador (BA)	-0.18
2025	11	Índice geral	Salvador (BA)	0.01
2025	11	Alimentação e bebidas	São Luís (MA)	0.16
2025	11	Habitação	São Luís (MA)	0.23
2025	11	Artigos de residência	São Luís (MA)	-2.46
2025	11	Vestuário	São Luís (MA)	0.58
2025	11	Transportes	São Luís (MA)	0.04
2025	11	Saúde e cuidados pessoais	São Luís (MA)	-0.44
2025	11	Despesas pessoais	São Luís (MA)	0.09
2025	11	Educação	São Luís (MA)	0.04
2025	11	Comunicação	São Luís (MA)	-0.43
2025	11	Índice geral	São Luís (MA)	-0.05
2025	11	Alimentação e bebidas	São Paulo (SP)	0.16
2025	11	Habitação	São Paulo (SP)	0.28
2025	11	Artigos de residência	São Paulo (SP)	-0.59
2025	11	Vestuário	São Paulo (SP)	0.76
2025	11	Transportes	São Paulo (SP)	0.37
2025	11	Saúde e cuidados pessoais	São Paulo (SP)	0.17
2025	11	Despesas pessoais	São Paulo (SP)	0.89
2025	11	Educação	São Paulo (SP)	0.01
2025	11	Comunicação	São Paulo (SP)	-0.11
2025	11	Índice geral	São Paulo (SP)	0.28
2025	12	Alimentação	Aracaju (SE)	0.76
2025	12	Habitação	Aracaju (SE)	-1.0
2025	12	Residência	Aracaju (SE)	0.27
2025	12	Vestuário	Aracaju (SE)	1.1
2025	12	Transportes	Aracaju (SE)	0.57
2025	12	Saúde	Aracaju (SE)	0.35
2025	12	Despesas pessoais	Aracaju (SE)	0.53
2025	12	Educação	Aracaju (SE)	0.1
2025	12	Comunicação	Aracaju (SE)	0.62
2025	12	Índice geral	Aracaju (SE)	0.36
2025	12	Alimentação	Belo Horizonte (MG)	0.92
2025	12	Habitação	Belo Horizonte (MG)	-0.63
2025	12	Residência	Belo Horizonte (MG)	0.33
2025	12	Vestuário	Belo Horizonte (MG)	0.46
2025	12	Transportes	Belo Horizonte (MG)	0.26
2025	12	Saúde	Belo Horizonte (MG)	0.65
2025	12	Despesas pessoais	Belo Horizonte (MG)	0.67
2025	12	Educação	Belo Horizonte (MG)	0.07
2025	12	Comunicação	Belo Horizonte (MG)	0.07
2025	12	Índice geral	Belo Horizonte (MG)	0.41
2025	12	Alimentação	Belém (PA)	0.58
2025	12	Habitação	Belém (PA)	-0.84
2025	12	Residência	Belém (PA)	0.96
2025	12	Vestuário	Belém (PA)	0.31
2025	12	Transportes	Belém (PA)	-0.01
2025	12	Saúde	Belém (PA)	0.75
2025	12	Despesas pessoais	Belém (PA)	-3.69
2025	12	Educação	Belém (PA)	0.06
2025	12	Comunicação	Belém (PA)	0.62
2025	12	Índice geral	Belém (PA)	-0.1
2025	12	Alimentação	Brasil	0.27
2025	12	Habitação	Brasil	-0.33
2025	12	Residência	Brasil	0.64
2025	12	Vestuário	Brasil	0.45
2025	12	Transportes	Brasil	0.74
2025	12	Saúde	Brasil	0.52
2025	12	Despesas pessoais	Brasil	0.36
2025	12	Educação	Brasil	0.08
2025	12	Comunicação	Brasil	0.37
2025	12	Índice geral	Brasil	0.33
2025	12	Alimentação	Brasília (DF)	0.52
2025	12	Habitação	Brasília (DF)	-0.42
2025	12	Residência	Brasília (DF)	0.21
2025	12	Vestuário	Brasília (DF)	1.44
2025	12	Transportes	Brasília (DF)	1.55
2025	12	Saúde	Brasília (DF)	0.29
2025	12	Despesas pessoais	Brasília (DF)	0.28
2025	12	Educação	Brasília (DF)	0.0
2025	12	Comunicação	Brasília (DF)	0.5
2025	12	Índice geral	Brasília (DF)	0.55
2025	12	Alimentação	Campo Grande (MS)	-0.25
2025	12	Habitação	Campo Grande (MS)	-0.46
2025	12	Residência	Campo Grande (MS)	0.68
2025	12	Vestuário	Campo Grande (MS)	0.5
2025	12	Transportes	Campo Grande (MS)	0.5
2025	12	Saúde	Campo Grande (MS)	0.49
2025	12	Despesas pessoais	Campo Grande (MS)	0.52
2025	12	Educação	Campo Grande (MS)	-0.11
2025	12	Comunicação	Campo Grande (MS)	0.47
2025	12	Índice geral	Campo Grande (MS)	0.17
2025	12	Alimentação	Curitiba (PR)	-0.79
2025	12	Habitação	Curitiba (PR)	-0.44
2025	12	Residência	Curitiba (PR)	-0.66
2025	12	Vestuário	Curitiba (PR)	-0.52
2025	12	Transportes	Curitiba (PR)	0.33
2025	12	Saúde	Curitiba (PR)	0.42
2025	12	Despesas pessoais	Curitiba (PR)	1.21
2025	12	Educação	Curitiba (PR)	0.07
2025	12	Comunicação	Curitiba (PR)	0.36
2025	12	Índice geral	Curitiba (PR)	-0.02
2025	12	Alimentação	Fortaleza (CE)	0.24
2025	12	Habitação	Fortaleza (CE)	-0.29
2025	12	Residência	Fortaleza (CE)	0.05
2025	12	Vestuário	Fortaleza (CE)	0.88
2025	12	Transportes	Fortaleza (CE)	0.28
2025	12	Saúde	Fortaleza (CE)	0.21
2025	12	Despesas pessoais	Fortaleza (CE)	0.12
2025	12	Educação	Fortaleza (CE)	0.13
2025	12	Comunicação	Fortaleza (CE)	0.43
2025	12	Índice geral	Fortaleza (CE)	0.17
2025	12	Alimentação	Goiânia (GO)	0.49
2025	12	Habitação	Goiânia (GO)	-1.8
2025	12	Residência	Goiânia (GO)	0.06
2025	12	Vestuário	Goiânia (GO)	0.51
2025	12	Transportes	Goiânia (GO)	0.89
2025	12	Saúde	Goiânia (GO)	0.51
2025	12	Despesas pessoais	Goiânia (GO)	0.63
2025	12	Educação	Goiânia (GO)	0.01
2025	12	Comunicação	Goiânia (GO)	0.37
2025	12	Índice geral	Goiânia (GO)	0.23
2025	12	Alimentação	Grande Vitória (ES)	0.23
2025	12	Habitação	Grande Vitória (ES)	-1.2
2025	12	Residência	Grande Vitória (ES)	0.86
2025	12	Vestuário	Grande Vitória (ES)	0.75
2025	12	Transportes	Grande Vitória (ES)	0.58
2025	12	Saúde	Grande Vitória (ES)	0.38
2025	12	Despesas pessoais	Grande Vitória (ES)	0.92
2025	12	Educação	Grande Vitória (ES)	0.17
2025	12	Comunicação	Grande Vitória (ES)	0.3
2025	12	Índice geral	Grande Vitória (ES)	0.21
2025	12	Alimentação	Porto Alegre (RS)	0.01
2025	12	Habitação	Porto Alegre (RS)	1.32
2025	12	Residência	Porto Alegre (RS)	1.47
2025	12	Vestuário	Porto Alegre (RS)	1.07
2025	12	Transportes	Porto Alegre (RS)	1.11
2025	12	Saúde	Porto Alegre (RS)	0.31
2025	12	Despesas pessoais	Porto Alegre (RS)	0.24
2025	12	Educação	Porto Alegre (RS)	0.14
2025	12	Comunicação	Porto Alegre (RS)	0.39
2025	12	Índice geral	Porto Alegre (RS)	0.63
2025	12	Alimentação	Recife (PE)	0.89
2025	12	Habitação	Recife (PE)	-1.27
2025	12	Residência	Recife (PE)	1.19
2025	12	Vestuário	Recife (PE)	1.57
2025	12	Transportes	Recife (PE)	1.35
2025	12	Saúde	Recife (PE)	0.21
2025	12	Despesas pessoais	Recife (PE)	0.88
2025	12	Educação	Recife (PE)	0.06
2025	12	Comunicação	Recife (PE)	0.19
2025	12	Índice geral	Recife (PE)	0.54
2025	12	Alimentação	Rio Branco (AC)	-0.14
2025	12	Habitação	Rio Branco (AC)	1.87
2025	12	Residência	Rio Branco (AC)	0.51
2025	12	Vestuário	Rio Branco (AC)	1.51
2025	12	Transportes	Rio Branco (AC)	0.63
2025	12	Saúde	Rio Branco (AC)	0.43
2025	12	Despesas pessoais	Rio Branco (AC)	0.38
2025	12	Educação	Rio Branco (AC)	0.32
2025	12	Comunicação	Rio Branco (AC)	0.25
2025	12	Índice geral	Rio Branco (AC)	0.59
2025	12	Alimentação	Rio de Janeiro (RJ)	0.72
2025	12	Habitação	Rio de Janeiro (RJ)	-0.07
2025	12	Residência	Rio de Janeiro (RJ)	0.73
2025	12	Vestuário	Rio de Janeiro (RJ)	1.01
2025	12	Transportes	Rio de Janeiro (RJ)	0.86
2025	12	Saúde	Rio de Janeiro (RJ)	0.55
2025	12	Despesas pessoais	Rio de Janeiro (RJ)	0.59
2025	12	Educação	Rio de Janeiro (RJ)	0.09
2025	12	Comunicação	Rio de Janeiro (RJ)	0.42
2025	12	Índice geral	Rio de Janeiro (RJ)	0.52
2025	12	Alimentação	Salvador (BA)	1.23
2025	12	Habitação	Salvador (BA)	-0.39
2025	12	Residência	Salvador (BA)	0.69
2025	12	Vestuário	Salvador (BA)	0.31
2025	12	Transportes	Salvador (BA)	1.03
2025	12	Saúde	Salvador (BA)	0.45
2025	12	Despesas pessoais	Salvador (BA)	0.47
2025	12	Educação	Salvador (BA)	0.07
2025	12	Comunicação	Salvador (BA)	0.37
2025	12	Índice geral	Salvador (BA)	0.59
2025	12	Alimentação	São Luís (MA)	0.67
2025	12	Habitação	São Luís (MA)	-1.9
2025	12	Residência	São Luís (MA)	0.17
2025	12	Vestuário	São Luís (MA)	1.07
2025	12	Transportes	São Luís (MA)	0.37
2025	12	Saúde	São Luís (MA)	0.55
2025	12	Despesas pessoais	São Luís (MA)	0.38
2025	12	Educação	São Luís (MA)	0.01
2025	12	Comunicação	São Luís (MA)	0.34
2025	12	Índice geral	São Luís (MA)	-0.19
2025	12	Alimentação	São Paulo (SP)	-0.02
2025	12	Habitação	São Paulo (SP)	-0.27
2025	12	Residência	São Paulo (SP)	0.92
2025	12	Vestuário	São Paulo (SP)	-0.05
2025	12	Transportes	São Paulo (SP)	0.78
2025	12	Saúde	São Paulo (SP)	0.66
2025	12	Despesas pessoais	São Paulo (SP)	0.32
2025	12	Educação	São Paulo (SP)	0.08
2025	12	Comunicação	São Paulo (SP)	0.22
2025	12	Índice geral	São Paulo (SP)	0.27
